Time,VRE_CF
1,0.13
2,0.13
3,0.14
4,0.14
5,0.13
6,0.12
7,0.11
8,0.12
9,0.14
10,0.19
11,0.19
12,0.14
13,0.19
14,0.27
15,0.31
16,0.34
17,0.35
18,0.34
19,0.38
20,0.56
21,0.62
22,0.66
23,0.69
24,0.69
25,0.67
26,0.69
27,0.7
28,0.7
29,0.69
30,0.69
31,0.67
32,0.69
33,0.68
34,0.62
35,0.64
36,0.64
37,0.58
38,0.59
39,0.58
40,0.64
41,0.64
42,0.62
43,0.64
44,0.67
45,0.71
46,0.74
47,0.77
48,0.78
49,0.79
50,0.81
51,0.81
52,0.8
53,0.79
54,0.76
55,0.75
56,0.66
57,0.62
58,0.57
59,0.67
60,0.69
61,0.83
62,0.83
63,0.84
64,0.74
65,0.71
66,0.68
67,0.69
68,0.73
69,0.74
70,0.73
71,0.71
72,0.7
73,0.69
74,0.69
75,0.68
76,0.63
77,0.59
78,0.53
79,0.54
80,0.44
81,0.36
82,0.32
83,0.27
84,0.29
85,0.27
86,0.25
87,0.27
88,0.26
89,0.24
90,0.21
91,0.18
92,0.18
93,0.19
94,0.17
95,0.17
96,0.16
97,0.17
98,0.16
99,0.14
100,0.13
101,0.12
102,0.11
103,0.11
104,0.11
105,0.1
106,0.09
107,0.06
108,0.04
109,0.05
110,0.05
111,0.04
112,0.04
113,0.04
114,0.05
115,0.07
116,0.09
117,0.1
118,0.1
119,0.11
120,0.12
121,0.15
122,0.22
123,0.25
124,0.32
125,0.36
126,0.38
127,0.4
128,0.36
129,0.38
130,0.32
131,0.25
132,0.27
133,0.25
134,0.23
135,0.2
136,0.18
137,0.17
138,0.12
139,0.09
140,0.09
141,0.09
142,0.09
143,0.1
144,0.13
145,0.18
146,0.24
147,0.29
148,0.36
149,0.4
150,0.43
151,0.45
152,0.44
153,0.41
154,0.36
155,0.2
156,0.23
157,0.28
158,0.31
159,0.31
160,0.32
161,0.28
162,0.19
163,0.15
164,0.16
165,0.17
166,0.21
167,0.25
168,0.34
169,0.39
170,0.43
171,0.45
172,0.43
173,0.44
174,0.46
175,0.46
176,0.5
177,0.51
178,0.56
179,0.42
180,0.38
181,0.45
182,0.49
183,0.57
184,0.58
185,0.58
186,0.61
187,0.68
188,0.76
189,0.81
190,0.83
191,0.82
192,0.81
193,0.81
194,0.81
195,0.75
196,0.76
197,0.76
198,0.76
199,0.77
200,0.74
201,0.66
202,0.54
203,0.31
204,0.29
205,0.33
206,0.38
207,0.37
208,0.29
209,0.2
210,0.12
211,0.1
212,0.1
213,0.11
214,0.12
215,0.12
216,0.11
217,0.11
218,0.12
219,0.15
220,0.19
221,0.23
222,0.27
223,0.3
224,0.32
225,0.32
226,0.32
227,0.32
228,0.21
229,0.28
230,0.37
231,0.41
232,0.42
233,0.4
234,0.4
235,0.46
236,0.54
237,0.6
238,0.63
239,0.66
240,0.69
241,0.72
242,0.71
243,0.7
244,0.71
245,0.71
246,0.7
247,0.65
248,0.65
249,0.59
250,0.47
251,0.37
252,0.28
253,0.32
254,0.34
255,0.35
256,0.35
257,0.36
258,0.4
259,0.5
260,0.62
261,0.65
262,0.66
263,0.67
264,0.65
265,0.63
266,0.61
267,0.6
268,0.51
269,0.51
270,0.54
271,0.59
272,0.57
273,0.53
274,0.48
275,0.45
276,0.57
277,0.63
278,0.61
279,0.55
280,0.5
281,0.42
282,0.35
283,0.32
284,0.34
285,0.34
286,0.36
287,0.36
288,0.35
289,0.36
290,0.37
291,0.42
292,0.48
293,0.51
294,0.54
295,0.61
296,0.65
297,0.66
298,0.55
299,0.49
300,0.57
301,0.58
302,0.58
303,0.59
304,0.61
305,0.61
306,0.58
307,0.64
308,0.69
309,0.69
310,0.68
311,0.68
312,0.71
313,0.71
314,0.65
315,0.65
316,0.63
317,0.61
318,0.61
319,0.61
320,0.6
321,0.58
322,0.53
323,0.51
324,0.46
325,0.45
326,0.46
327,0.44
328,0.43
329,0.39
330,0.36
331,0.48
332,0.6
333,0.66
334,0.69
335,0.7
336,0.71
337,0.72
338,0.73
339,0.68
340,0.69
341,0.68
342,0.67
343,0.69
344,0.68
345,0.63
346,0.54
347,0.65
348,0.67
349,0.58
350,0.57
351,0.58
352,0.62
353,0.6
354,0.56
355,0.62
356,0.7
357,0.72
358,0.77
359,0.77
360,0.78
361,0.76
362,0.7
363,0.69
364,0.67
365,0.68
366,0.7
367,0.71
368,0.67
369,0.68
370,0.66
371,0.71
372,0.7
373,0.73
374,0.75
375,0.72
376,0.7
377,0.63
378,0.54
379,0.56
380,0.64
381,0.7
382,0.74
383,0.74
384,0.72
385,0.66
386,0.62
387,0.59
388,0.54
389,0.47
390,0.41
391,0.37
392,0.35
393,0.31
394,0.27
395,0.29
396,0.28
397,0.27
398,0.27
399,0.25
400,0.23
401,0.16
402,0.11
403,0.09
404,0.11
405,0.15
406,0.19
407,0.29
408,0.38
409,0.43
410,0.48
411,0.54
412,0.57
413,0.59
414,0.63
415,0.64
416,0.66
417,0.66
418,0.68
419,0.79
420,0.78
421,0.77
422,0.78
423,0.76
424,0.74
425,0.71
426,0.72
427,0.72
428,0.77
429,0.8
430,0.78
431,0.77
432,0.61
433,0.55
434,0.51
435,0.56
436,0.51
437,0.58
438,0.66
439,0.74
440,0.76
441,0.73
442,0.63
443,0.64
444,0.67
445,0.65
446,0.59
447,0.58
448,0.63
449,0.61
450,0.49
451,0.43
452,0.45
453,0.44
454,0.41
455,0.37
456,0.38
457,0.4
458,0.38
459,0.39
460,0.38
461,0.36
462,0.33
463,0.31
464,0.28
465,0.25
466,0.21
467,0.17
468,0.17
469,0.14
470,0.13
471,0.12
472,0.13
473,0.1
474,0.07
475,0.05
476,0.06
477,0.07
478,0.08
479,0.08
480,0.08
481,0.09
482,0.09
483,0.09
484,0.1
485,0.1
486,0.11
487,0.11
488,0.12
489,0.13
490,0.13
491,0.09
492,0.12
493,0.17
494,0.24
495,0.28
496,0.27
497,0.23
498,0.16
499,0.13
500,0.13
501,0.14
502,0.15
503,0.19
504,0.17
505,0.21
506,0.32
507,0.36
508,0.42
509,0.45
510,0.48
511,0.49
512,0.5
513,0.5
514,0.47
515,0.38
516,0.35
517,0.39
518,0.43
519,0.47
520,0.5
521,0.5
522,0.54
523,0.62
524,0.69
525,0.71
526,0.73
527,0.73
528,0.75
529,0.72
530,0.72
531,0.7
532,0.71
533,0.7
534,0.68
535,0.66
536,0.65
537,0.58
538,0.54
539,0.51
540,0.43
541,0.4
542,0.4
543,0.32
544,0.3
545,0.29
546,0.26
547,0.26
548,0.3
549,0.34
550,0.36
551,0.42
552,0.44
553,0.46
554,0.48
555,0.52
556,0.56
557,0.57
558,0.55
559,0.52
560,0.53
561,0.53
562,0.49
563,0.46
564,0.51
565,0.59
566,0.6
567,0.61
568,0.61
569,0.59
570,0.57
571,0.58
572,0.58
573,0.63
574,0.7
575,0.71
576,0.74
577,0.74
578,0.73
579,0.75
580,0.74
581,0.69
582,0.7
583,0.72
584,0.7
585,0.65
586,0.5
587,0.43
588,0.49
589,0.53
590,0.56
591,0.55
592,0.52
593,0.45
594,0.31
595,0.23
596,0.22
597,0.21
598,0.25
599,0.32
600,0.46
601,0.58
602,0.64
603,0.69
604,0.72
605,0.75
606,0.76
607,0.76
608,0.76
609,0.76
610,0.75
611,0.73
612,0.82
613,0.88
614,0.88
615,0.88
616,0.88
617,0.89
618,0.89
619,0.89
620,0.89
621,0.88
622,0.88
623,0.87
624,0.86
625,0.86
626,0.85
627,0.86
628,0.86
629,0.85
630,0.82
631,0.8
632,0.78
633,0.7
634,0.57
635,0.43
636,0.46
637,0.5
638,0.52
639,0.53
640,0.53
641,0.5
642,0.46
643,0.49
644,0.6
645,0.69
646,0.7
647,0.72
648,0.73
649,0.74
650,0.72
651,0.7
652,0.7
653,0.66
654,0.66
655,0.61
656,0.49
657,0.36
658,0.24
659,0.21
660,0.22
661,0.27
662,0.3
663,0.35
664,0.41
665,0.46
666,0.42
667,0.38
668,0.46
669,0.49
670,0.53
671,0.57
672,0.57
673,0.56
674,0.5
675,0.42
676,0.35
677,0.33
678,0.3
679,0.29
680,0.27
681,0.26
682,0.29
683,0.26
684,0.28
685,0.39
686,0.45
687,0.49
688,0.52
689,0.53
690,0.54
691,0.59
692,0.64
693,0.64
694,0.65
695,0.66
696,0.73
697,0.72
698,0.72
699,0.68
700,0.64
701,0.59
702,0.56
703,0.52
704,0.48
705,0.4
706,0.26
707,0.09
708,0.06
709,0.03
710,0.02
711,0.03
712,0.04
713,0.08
714,0.13
715,0.21
716,0.33
717,0.48
718,0.59
719,0.66
720,0.69
721,0.69
722,0.72
723,0.71
724,0.74
725,0.75
726,0.77
727,0.77
728,0.76
729,0.69
730,0.65
731,0.65
732,0.64
733,0.59
734,0.58
735,0.54
736,0.52
737,0.45
738,0.41
739,0.45
740,0.46
741,0.47
742,0.45
743,0.46
744,0.48
745,0.55
746,0.57
747,0.54
748,0.59
749,0.49
750,0.38
751,0.34
752,0.31
753,0.29
754,0.29
755,0.25
756,0.25
757,0.33
758,0.37
759,0.42
760,0.42
761,0.44
762,0.35
763,0.26
764,0.21
765,0.2
766,0.21
767,0.24
768,0.3
769,0.34
770,0.35
771,0.32
772,0.34
773,0.29
774,0.19
775,0.15
776,0.1
777,0.09
778,0.09
779,0.13
780,0.13
781,0.15
782,0.15
783,0.16
784,0.16
785,0.16
786,0.22
787,0.25
788,0.33
789,0.43
790,0.4
791,0.35
792,0.39
793,0.39
794,0.39
795,0.43
796,0.39
797,0.42
798,0.43
799,0.48
800,0.53
801,0.56
802,0.57
803,0.65
804,0.67
805,0.61
806,0.68
807,0.71
808,0.76
809,0.77
810,0.74
811,0.68
812,0.64
813,0.59
814,0.33
815,0.33
816,0.31
817,0.31
818,0.28
819,0.27
820,0.27
821,0.25
822,0.23
823,0.19
824,0.14
825,0.09
826,0.08
827,0.08
828,0.09
829,0.11
830,0.12
831,0.13
832,0.14
833,0.14
834,0.14
835,0.18
836,0.28
837,0.41
838,0.49
839,0.55
840,0.59
841,0.56
842,0.61
843,0.62
844,0.64
845,0.63
846,0.65
847,0.66
848,0.69
849,0.69
850,0.67
851,0.6
852,0.73
853,0.77
854,0.78
855,0.8
856,0.75
857,0.75
858,0.75
859,0.73
860,0.72
861,0.71
862,0.66
863,0.67
864,0.71
865,0.76
866,0.71
867,0.7
868,0.6
869,0.57
870,0.55
871,0.55
872,0.52
873,0.49
874,0.46
875,0.39
876,0.38
877,0.39
878,0.37
879,0.31
880,0.23
881,0.13
882,0.06
883,0.02
884,0.03
885,0.06
886,0.09
887,0.14
888,0.19
889,0.26
890,0.28
891,0.3
892,0.36
893,0.38
894,0.39
895,0.38
896,0.37
897,0.36
898,0.38
899,0.26
900,0.24
901,0.32
902,0.38
903,0.43
904,0.45
905,0.43
906,0.42
907,0.44
908,0.56
909,0.62
910,0.57
911,0.61
912,0.64
913,0.65
914,0.66
915,0.64
916,0.68
917,0.69
918,0.69
919,0.67
920,0.68
921,0.64
922,0.63
923,0.64
924,0.61
925,0.57
926,0.59
927,0.61
928,0.61
929,0.55
930,0.5
931,0.51
932,0.56
933,0.59
934,0.61
935,0.62
936,0.6
937,0.54
938,0.51
939,0.48
940,0.44
941,0.39
942,0.36
943,0.42
944,0.4
945,0.38
946,0.39
947,0.37
948,0.38
949,0.44
950,0.4
951,0.44
952,0.45
953,0.46
954,0.38
955,0.36
956,0.39
957,0.44
958,0.54
959,0.6
960,0.55
961,0.47
962,0.4
963,0.36
964,0.29
965,0.26
966,0.22
967,0.18
968,0.16
969,0.18
970,0.22
971,0.19
972,0.23
973,0.29
974,0.35
975,0.38
976,0.38
977,0.35
978,0.26
979,0.16
980,0.13
981,0.12
982,0.18
983,0.2
984,0.2
985,0.23
986,0.24
987,0.21
988,0.2
989,0.19
990,0.17
991,0.15
992,0.13
993,0.1
994,0.09
995,0.04
996,0.02
997,0.02
998,0.02
999,0.02
1000,0.02
1001,0.03
1002,0.04
1003,0.08
1004,0.11
1005,0.17
1006,0.23
1007,0.31
1008,0.4
1009,0.44
1010,0.51
1011,0.56
1012,0.67
1013,0.71
1014,0.73
1015,0.74
1016,0.74
1017,0.73
1018,0.72
1019,0.69
1020,0.75
1021,0.79
1022,0.82
1023,0.85
1024,0.87
1025,0.87
1026,0.87
1027,0.87
1028,0.87
1029,0.87
1030,0.87
1031,0.87
1032,0.86
1033,0.87
1034,0.86
1035,0.84
1036,0.85
1037,0.85
1038,0.86
1039,0.86
1040,0.78
1041,0.76
1042,0.78
1043,0.78
1044,0.74
1045,0.71
1046,0.69
1047,0.69
1048,0.64
1049,0.61
1050,0.57
1051,0.57
1052,0.6
1053,0.6
1054,0.61
1055,0.67
1056,0.72
1057,0.67
1058,0.66
1059,0.67
1060,0.66
1061,0.63
1062,0.65
1063,0.62
1064,0.56
1065,0.51
1066,0.46
1067,0.46
1068,0.45
1069,0.41
1070,0.39
1071,0.37
1072,0.33
1073,0.29
1074,0.29
1075,0.3
1076,0.34
1077,0.4
1078,0.38
1079,0.36
1080,0.36
1081,0.35
1082,0.36
1083,0.36
1084,0.36
1085,0.37
1086,0.32
1087,0.3
1088,0.3
1089,0.32
1090,0.32
1091,0.38
1092,0.44
1093,0.45
1094,0.45
1095,0.45
1096,0.44
1097,0.43
1098,0.48
1099,0.49
1100,0.5
1101,0.5
1102,0.54
1103,0.55
1104,0.59
1105,0.61
1106,0.64
1107,0.67
1108,0.68
1109,0.72
1110,0.74
1111,0.73
1112,0.67
1113,0.51
1114,0.3
1115,0.28
1116,0.26
1117,0.21
1118,0.17
1119,0.16
1120,0.15
1121,0.13
1122,0.13
1123,0.13
1124,0.14
1125,0.2
1126,0.22
1127,0.28
1128,0.34
1129,0.43
1130,0.5
1131,0.51
1132,0.55
1133,0.57
1134,0.57
1135,0.54
1136,0.54
1137,0.5
1138,0.41
1139,0.4
1140,0.52
1141,0.52
1142,0.49
1143,0.5
1144,0.52
1145,0.51
1146,0.52
1147,0.58
1148,0.62
1149,0.64
1150,0.64
1151,0.63
1152,0.6
1153,0.61
1154,0.57
1155,0.57
1156,0.57
1157,0.55
1158,0.51
1159,0.49
1160,0.46
1161,0.41
1162,0.28
1163,0.31
1164,0.3
1165,0.24
1166,0.18
1167,0.13
1168,0.12
1169,0.11
1170,0.11
1171,0.14
1172,0.21
1173,0.3
1174,0.34
1175,0.37
1176,0.41
1177,0.42
1178,0.37
1179,0.34
1180,0.31
1181,0.26
1182,0.18
1183,0.14
1184,0.12
1185,0.11
1186,0.09
1187,0.1
1188,0.11
1189,0.11
1190,0.12
1191,0.18
1192,0.25
1193,0.35
1194,0.41
1195,0.44
1196,0.38
1197,0.42
1198,0.43
1199,0.44
1200,0.42
1201,0.42
1202,0.47
1203,0.44
1204,0.43
1205,0.45
1206,0.48
1207,0.52
1208,0.54
1209,0.56
1210,0.57
1211,0.64
1212,0.64
1213,0.56
1214,0.55
1215,0.53
1216,0.47
1217,0.43
1218,0.36
1219,0.37
1220,0.34
1221,0.34
1222,0.33
1223,0.31
1224,0.31
1225,0.29
1226,0.34
1227,0.36
1228,0.36
1229,0.33
1230,0.28
1231,0.28
1232,0.35
1233,0.37
1234,0.36
1235,0.39
1236,0.39
1237,0.38
1238,0.42
1239,0.51
1240,0.55
1241,0.55
1242,0.47
1243,0.34
1244,0.31
1245,0.29
1246,0.29
1247,0.3
1248,0.36
1249,0.4
1250,0.45
1251,0.47
1252,0.5
1253,0.57
1254,0.64
1255,0.68
1256,0.68
1257,0.67
1258,0.69
1259,0.72
1260,0.75
1261,0.75
1262,0.8
1263,0.81
1264,0.85
1265,0.87
1266,0.89
1267,0.86
1268,0.86
1269,0.85
1270,0.78
1271,0.71
1272,0.64
1273,0.57
1274,0.51
1275,0.46
1276,0.48
1277,0.51
1278,0.55
1279,0.55
1280,0.53
1281,0.47
1282,0.31
1283,0.16
1284,0.23
1285,0.3
1286,0.36
1287,0.41
1288,0.41
1289,0.35
1290,0.24
1291,0.15
1292,0.11
1293,0.09
1294,0.11
1295,0.14
1296,0.16
1297,0.19
1298,0.21
1299,0.22
1300,0.23
1301,0.25
1302,0.26
1303,0.26
1304,0.21
1305,0.16
1306,0.14
1307,0.05
1308,0.06
1309,0.07
1310,0.08
1311,0.09
1312,0.09
1313,0.09
1314,0.11
1315,0.12
1316,0.22
1317,0.36
1318,0.52
1319,0.62
1320,0.69
1321,0.74
1322,0.74
1323,0.73
1324,0.73
1325,0.72
1326,0.71
1327,0.68
1328,0.69
1329,0.67
1330,0.58
1331,0.58
1332,0.72
1333,0.76
1334,0.79
1335,0.82
1336,0.84
1337,0.83
1338,0.81
1339,0.77
1340,0.82
1341,0.85
1342,0.85
1343,0.85
1344,0.85
1345,0.77
1346,0.77
1347,0.83
1348,0.83
1349,0.81
1350,0.78
1351,0.74
1352,0.64
1353,0.56
1354,0.54
1355,0.71
1356,0.73
1357,0.74
1358,0.76
1359,0.76
1360,0.77
1361,0.7
1362,0.68
1363,0.79
1364,0.83
1365,0.75
1366,0.75
1367,0.79
1368,0.79
1369,0.77
1370,0.74
1371,0.72
1372,0.66
1373,0.59
1374,0.55
1375,0.49
1376,0.43
1377,0.43
1378,0.44
1379,0.52
1380,0.55
1381,0.54
1382,0.47
1383,0.52
1384,0.54
1385,0.51
1386,0.47
1387,0.49
1388,0.52
1389,0.56
1390,0.51
1391,0.47
1392,0.48
1393,0.46
1394,0.48
1395,0.5
1396,0.53
1397,0.49
1398,0.58
1399,0.6
1400,0.62
1401,0.62
1402,0.62
1403,0.67
1404,0.7
1405,0.71
1406,0.69
1407,0.69
1408,0.68
1409,0.75
1410,0.7
1411,0.72
1412,0.72
1413,0.71
1414,0.73
1415,0.75
1416,0.77
1417,0.78
1418,0.78
1419,0.77
1420,0.76
1421,0.76
1422,0.66
1423,0.64
1424,0.57
1425,0.48
1426,0.48
1427,0.47
1428,0.42
1429,0.39
1430,0.38
1431,0.32
1432,0.3
1433,0.34
1434,0.31
1435,0.25
1436,0.22
1437,0.19
1438,0.17
1439,0.15
1440,0.12
1441,0.1
1442,0.07
1443,0.07
1444,0.07
1445,0.07
1446,0.08
1447,0.09
1448,0.09
1449,0.08
1450,0.05
1451,0.07
1452,0.08
1453,0.07
1454,0.06
1455,0.05
1456,0.05
1457,0.05
1458,0.04
1459,0.03
1460,0.02
1461,0.01
1462,0.01
1463,0.02
1464,0.03
1465,0.05
1466,0.07
1467,0.08
1468,0.09
1469,0.07
1470,0.07
1471,0.1
1472,0.1
1473,0.1
1474,0.08
1475,0.03
1476,0.01
1477,0
1478,0
1479,0.01
1480,0.02
1481,0.02
1482,0.03
1483,0.04
1484,0.06
1485,0.09
1486,0.12
1487,0.2
1488,0.27
1489,0.39
1490,0.49
1491,0.58
1492,0.63
1493,0.68
1494,0.66
1495,0.66
1496,0.68
1497,0.66
1498,0.6
1499,0.64
1500,0.68
1501,0.7
1502,0.73
1503,0.75
1504,0.74
1505,0.65
1506,0.62
1507,0.6
1508,0.68
1509,0.77
1510,0.81
1511,0.84
1512,0.85
1513,0.85
1514,0.86
1515,0.87
1516,0.8
1517,0.78
1518,0.77
1519,0.79
1520,0.77
1521,0.71
1522,0.77
1523,0.8
1524,0.81
1525,0.76
1526,0.74
1527,0.75
1528,0.73
1529,0.77
1530,0.78
1531,0.8
1532,0.84
1533,0.87
1534,0.88
1535,0.89
1536,0.88
1537,0.88
1538,0.9
1539,0.9
1540,0.89
1541,0.88
1542,0.85
1543,0.84
1544,0.84
1545,0.8
1546,0.81
1547,0.84
1548,0.79
1549,0.8
1550,0.75
1551,0.72
1552,0.71
1553,0.66
1554,0.64
1555,0.64
1556,0.57
1557,0.57
1558,0.6
1559,0.56
1560,0.5
1561,0.49
1562,0.53
1563,0.48
1564,0.43
1565,0.42
1566,0.4
1567,0.39
1568,0.29
1569,0.24
1570,0.25
1571,0.2
1572,0.2
1573,0.22
1574,0.21
1575,0.21
1576,0.22
1577,0.21
1578,0.21
1579,0.22
1580,0.22
1581,0.25
1582,0.29
1583,0.34
1584,0.37
1585,0.38
1586,0.42
1587,0.37
1588,0.37
1589,0.38
1590,0.34
1591,0.29
1592,0.26
1593,0.25
1594,0.25
1595,0.2
1596,0.16
1597,0.14
1598,0.14
1599,0.16
1600,0.17
1601,0.17
1602,0.21
1603,0.27
1604,0.36
1605,0.5
1606,0.57
1607,0.59
1608,0.63
1609,0.65
1610,0.63
1611,0.65
1612,0.63
1613,0.61
1614,0.56
1615,0.53
1616,0.5
1617,0.46
1618,0.52
1619,0.53
1620,0.51
1621,0.56
1622,0.57
1623,0.6
1624,0.6
1625,0.63
1626,0.67
1627,0.7
1628,0.73
1629,0.77
1630,0.8
1631,0.8
1632,0.8
1633,0.81
1634,0.8
1635,0.79
1636,0.78
1637,0.8
1638,0.8
1639,0.76
1640,0.74
1641,0.64
1642,0.62
1643,0.64
1644,0.55
1645,0.61
1646,0.63
1647,0.67
1648,0.66
1649,0.66
1650,0.7
1651,0.64
1652,0.64
1653,0.69
1654,0.69
1655,0.78
1656,0.82
1657,0.84
1658,0.83
1659,0.81
1660,0.78
1661,0.81
1662,0.84
1663,0.84
1664,0.88
1665,0.86
1666,0.87
1667,0.86
1668,0.87
1669,0.83
1670,0.82
1671,0.83
1672,0.8
1673,0.79
1674,0.74
1675,0.64
1676,0.64
1677,0.68
1678,0.53
1679,0.68
1680,0.7
1681,0.73
1682,0.78
1683,0.76
1684,0.73
1685,0.69
1686,0.66
1687,0.63
1688,0.61
1689,0.53
1690,0.59
1691,0.53
1692,0.51
1693,0.53
1694,0.59
1695,0.61
1696,0.6
1697,0.6
1698,0.57
1699,0.55
1700,0.61
1701,0.68
1702,0.7
1703,0.68
1704,0.69
1705,0.86
1706,0.84
1707,0.84
1708,0.84
1709,0.86
1710,0.85
1711,0.85
1712,0.87
1713,0.86
1714,0.85
1715,0.86
1716,0.85
1717,0.88
1718,0.83
1719,0.84
1720,0.83
1721,0.72
1722,0.68
1723,0.68
1724,0.71
1725,0.72
1726,0.72
1727,0.7
1728,0.68
1729,0.69
1730,0.74
1731,0.67
1732,0.66
1733,0.7
1734,0.59
1735,0.52
1736,0.52
1737,0.51
1738,0.56
1739,0.61
1740,0.63
1741,0.64
1742,0.73
1743,0.65
1744,0.73
1745,0.77
1746,0.74
1747,0.75
1748,0.82
1749,0.82
1750,0.79
1751,0.72
1752,0.71
1753,0.57
1754,0.43
1755,0.34
1756,0.3
1757,0.25
1758,0.24
1759,0.28
1760,0.35
1761,0.38
1762,0.2
1763,0.23
1764,0.24
1765,0.22
1766,0.22
1767,0.23
1768,0.22
1769,0.19
1770,0.15
1771,0.14
1772,0.14
1773,0.17
1774,0.17
1775,0.22
1776,0.25
1777,0.28
1778,0.24
1779,0.19
1780,0.15
1781,0.14
1782,0.15
1783,0.19
1784,0.18
1785,0.18
1786,0.11
1787,0.08
1788,0.1
1789,0.12
1790,0.13
1791,0.14
1792,0.15
1793,0.15
1794,0.15
1795,0.12
1796,0.09
1797,0.08
1798,0.05
1799,0.04
1800,0.03
1801,0.07
1802,0.1
1803,0.12
1804,0.17
1805,0.2
1806,0.22
1807,0.26
1808,0.27
1809,0.26
1810,0.23
1811,0.17
1812,0.23
1813,0.24
1814,0.25
1815,0.26
1816,0.25
1817,0.22
1818,0.21
1819,0.18
1820,0.29
1821,0.44
1822,0.62
1823,0.69
1824,0.76
1825,0.71
1826,0.78
1827,0.77
1828,0.78
1829,0.77
1830,0.78
1831,0.79
1832,0.79
1833,0.77
1834,0.68
1835,0.79
1836,0.76
1837,0.75
1838,0.73
1839,0.69
1840,0.57
1841,0.46
1842,0.47
1843,0.5
1844,0.52
1845,0.42
1846,0.56
1847,0.55
1848,0.65
1849,0.68
1850,0.67
1851,0.56
1852,0.56
1853,0.59
1854,0.56
1855,0.52
1856,0.43
1857,0.37
1858,0.4
1859,0.49
1860,0.52
1861,0.49
1862,0.44
1863,0.36
1864,0.3
1865,0.31
1866,0.28
1867,0.25
1868,0.24
1869,0.24
1870,0.24
1871,0.25
1872,0.3
1873,0.34
1874,0.35
1875,0.37
1876,0.39
1877,0.39
1878,0.37
1879,0.37
1880,0.37
1881,0.35
1882,0.23
1883,0.39
1884,0.34
1885,0.32
1886,0.3
1887,0.28
1888,0.27
1889,0.24
1890,0.26
1891,0.29
1892,0.43
1893,0.59
1894,0.68
1895,0.74
1896,0.77
1897,0.8
1898,0.8
1899,0.8
1900,0.8
1901,0.8
1902,0.8
1903,0.78
1904,0.75
1905,0.7
1906,0.67
1907,0.71
1908,0.71
1909,0.72
1910,0.74
1911,0.77
1912,0.8
1913,0.79
1914,0.83
1915,0.83
1916,0.87
1917,0.88
1918,0.88
1919,0.87
1920,0.87
1921,0.86
1922,0.88
1923,0.84
1924,0.83
1925,0.79
1926,0.74
1927,0.72
1928,0.64
1929,0.5
1930,0.41
1931,0.39
1932,0.33
1933,0.28
1934,0.29
1935,0.29
1936,0.28
1937,0.27
1938,0.33
1939,0.39
1940,0.49
1941,0.64
1942,0.69
1943,0.74
1944,0.72
1945,0.66
1946,0.62
1947,0.55
1948,0.49
1949,0.4
1950,0.32
1951,0.32
1952,0.3
1953,0.27
1954,0.32
1955,0.36
1956,0.35
1957,0.36
1958,0.39
1959,0.45
1960,0.51
1961,0.43
1962,0.49
1963,0.49
1964,0.5
1965,0.52
1966,0.57
1967,0.53
1968,0.5
1969,0.51
1970,0.48
1971,0.51
1972,0.48
1973,0.43
1974,0.42
1975,0.41
1976,0.38
1977,0.36
1978,0.39
1979,0.46
1980,0.5
1981,0.58
1982,0.55
1983,0.52
1984,0.57
1985,0.64
1986,0.67
1987,0.75
1988,0.69
1989,0.66
1990,0.59
1991,0.51
1992,0.42
1993,0.34
1994,0.34
1995,0.3
1996,0.29
1997,0.28
1998,0.28
1999,0.27
2000,0.26
2001,0.24
2002,0.27
2003,0.26
2004,0.24
2005,0.22
2006,0.2
2007,0.2
2008,0.19
2009,0.19
2010,0.2
2011,0.2
2012,0.2
2013,0.21
2014,0.2
2015,0.18
2016,0.17
2017,0.16
2018,0.15
2019,0.15
2020,0.17
2021,0.21
2022,0.24
2023,0.28
2024,0.26
2025,0.23
2026,0.26
2027,0.26
2028,0.24
2029,0.22
2030,0.2
2031,0.2
2032,0.18
2033,0.17
2034,0.17
2035,0.15
2036,0.14
2037,0.16
2038,0.17
2039,0.18
2040,0.18
2041,0.18
2042,0.2
2043,0.19
2044,0.18
2045,0.16
2046,0.24
2047,0.22
2048,0.22
2049,0.2
2050,0.26
2051,0.26
2052,0.24
2053,0.25
2054,0.29
2055,0.34
2056,0.37
2057,0.31
2058,0.32
2059,0.35
2060,0.38
2061,0.43
2062,0.45
2063,0.5
2064,0.54
2065,0.54
2066,0.6
2067,0.68
2068,0.67
2069,0.62
2070,0.59
2071,0.54
2072,0.51
2073,0.48
2074,0.51
2075,0.5
2076,0.43
2077,0.41
2078,0.41
2079,0.4
2080,0.35
2081,0.3
2082,0.27
2083,0.28
2084,0.35
2085,0.44
2086,0.56
2087,0.59
2088,0.6
2089,0.57
2090,0.54
2091,0.48
2092,0.44
2093,0.34
2094,0.29
2095,0.29
2096,0.3
2097,0.25
2098,0.3
2099,0.32
2100,0.28
2101,0.27
2102,0.31
2103,0.33
2104,0.36
2105,0.4
2106,0.42
2107,0.45
2108,0.42
2109,0.45
2110,0.42
2111,0.37
2112,0.33
2113,0.3
2114,0.32
2115,0.25
2116,0.22
2117,0.21
2118,0.23
2119,0.26
2120,0.28
2121,0.3
2122,0.28
2123,0.21
2124,0.14
2125,0.12
2126,0.13
2127,0.12
2128,0.09
2129,0.1
2130,0.12
2131,0.12
2132,0.13
2133,0.15
2134,0.18
2135,0.22
2136,0.21
2137,0.22
2138,0.25
2139,0.24
2140,0.2
2141,0.2
2142,0.17
2143,0.17
2144,0.15
2145,0.13
2146,0.12
2147,0.1
2148,0.1
2149,0.11
2150,0.15
2151,0.18
2152,0.18
2153,0.15
2154,0.14
2155,0.16
2156,0.15
2157,0.18
2158,0.16
2159,0.16
2160,0.17
2161,0.18
2162,0.19
2163,0.19
2164,0.21
2165,0.2
2166,0.17
2167,0.14
2168,0.11
2169,0.1
2170,0.05
2171,0.03
2172,0.03
2173,0.04
2174,0.07
2175,0.12
2176,0.15
2177,0.17
2178,0.18
2179,0.16
2180,0.12
2181,0.12
2182,0.11
2183,0.09
2184,0.08
2185,0.1
2186,0.11
2187,0.14
2188,0.19
2189,0.23
2190,0.32
2191,0.43
2192,0.48
2193,0.56
2194,0.66
2195,0.66
2196,0.65
2197,0.62
2198,0.6
2199,0.61
2200,0.58
2201,0.59
2202,0.61
2203,0.59
2204,0.54
2205,0.52
2206,0.5
2207,0.48
2208,0.43
2209,0.37
2210,0.32
2211,0.27
2212,0.26
2213,0.24
2214,0.25
2215,0.24
2216,0.22
2217,0.21
2218,0.22
2219,0.18
2220,0.14
2221,0.12
2222,0.11
2223,0.1
2224,0.1
2225,0.1
2226,0.1
2227,0.1
2228,0.12
2229,0.17
2230,0.24
2231,0.33
2232,0.39
2233,0.45
2234,0.5
2235,0.55
2236,0.56
2237,0.56
2238,0.55
2239,0.54
2240,0.49
2241,0.44
2242,0.38
2243,0.36
2244,0.31
2245,0.24
2246,0.2
2247,0.2
2248,0.21
2249,0.21
2250,0.21
2251,0.21
2252,0.25
2253,0.35
2254,0.42
2255,0.49
2256,0.56
2257,0.57
2258,0.58
2259,0.59
2260,0.62
2261,0.61
2262,0.59
2263,0.57
2264,0.51
2265,0.53
2266,0.57
2267,0.55
2268,0.56
2269,0.62
2270,0.61
2271,0.61
2272,0.64
2273,0.68
2274,0.72
2275,0.77
2276,0.8
2277,0.82
2278,0.81
2279,0.73
2280,0.73
2281,0.78
2282,0.75
2283,0.71
2284,0.69
2285,0.69
2286,0.7
2287,0.71
2288,0.71
2289,0.75
2290,0.79
2291,0.79
2292,0.8
2293,0.76
2294,0.71
2295,0.63
2296,0.54
2297,0.48
2298,0.44
2299,0.41
2300,0.4
2301,0.4
2302,0.43
2303,0.42
2304,0.39
2305,0.37
2306,0.34
2307,0.34
2308,0.35
2309,0.33
2310,0.3
2311,0.3
2312,0.27
2313,0.29
2314,0.36
2315,0.39
2316,0.33
2317,0.27
2318,0.25
2319,0.23
2320,0.21
2321,0.21
2322,0.25
2323,0.33
2324,0.39
2325,0.5
2326,0.54
2327,0.56
2328,0.56
2329,0.53
2330,0.52
2331,0.52
2332,0.52
2333,0.49
2334,0.49
2335,0.49
2336,0.49
2337,0.53
2338,0.64
2339,0.62
2340,0.6
2341,0.62
2342,0.63
2343,0.67
2344,0.68
2345,0.69
2346,0.74
2347,0.74
2348,0.73
2349,0.75
2350,0.76
2351,0.79
2352,0.76
2353,0.72
2354,0.72
2355,0.72
2356,0.7
2357,0.7
2358,0.64
2359,0.62
2360,0.62
2361,0.66
2362,0.73
2363,0.68
2364,0.71
2365,0.8
2366,0.81
2367,0.79
2368,0.68
2369,0.63
2370,0.64
2371,0.62
2372,0.7
2373,0.73
2374,0.69
2375,0.61
2376,0.61
2377,0.59
2378,0.54
2379,0.5
2380,0.51
2381,0.46
2382,0.4
2383,0.4
2384,0.49
2385,0.57
2386,0.64
2387,0.66
2388,0.65
2389,0.65
2390,0.64
2391,0.64
2392,0.62
2393,0.64
2394,0.65
2395,0.6
2396,0.59
2397,0.6
2398,0.57
2399,0.56
2400,0.53
2401,0.48
2402,0.49
2403,0.55
2404,0.55
2405,0.53
2406,0.5
2407,0.5
2408,0.43
2409,0.39
2410,0.51
2411,0.47
2412,0.35
2413,0.28
2414,0.23
2415,0.2
2416,0.19
2417,0.19
2418,0.21
2419,0.25
2420,0.28
2421,0.38
2422,0.45
2423,0.48
2424,0.5
2425,0.51
2426,0.54
2427,0.54
2428,0.53
2429,0.52
2430,0.52
2431,0.5
2432,0.43
2433,0.41
2434,0.5
2435,0.63
2436,0.68
2437,0.69
2438,0.71
2439,0.73
2440,0.72
2441,0.72
2442,0.75
2443,0.76
2444,0.76
2445,0.79
2446,0.79
2447,0.79
2448,0.79
2449,0.7
2450,0.69
2451,0.68
2452,0.67
2453,0.65
2454,0.63
2455,0.63
2456,0.6
2457,0.64
2458,0.72
2459,0.72
2460,0.74
2461,0.73
2462,0.73
2463,0.68
2464,0.62
2465,0.54
2466,0.52
2467,0.55
2468,0.56
2469,0.62
2470,0.58
2471,0.55
2472,0.46
2473,0.42
2474,0.36
2475,0.32
2476,0.3
2477,0.25
2478,0.22
2479,0.21
2480,0.18
2481,0.21
2482,0.18
2483,0.19
2484,0.16
2485,0.13
2486,0.11
2487,0.11
2488,0.13
2489,0.13
2490,0.13
2491,0.13
2492,0.14
2493,0.18
2494,0.24
2495,0.31
2496,0.41
2497,0.5
2498,0.56
2499,0.57
2500,0.61
2501,0.6
2502,0.61
2503,0.61
2504,0.57
2505,0.59
2506,0.62
2507,0.61
2508,0.59
2509,0.6
2510,0.6
2511,0.57
2512,0.5
2513,0.45
2514,0.47
2515,0.54
2516,0.53
2517,0.56
2518,0.52
2519,0.44
2520,0.46
2521,0.41
2522,0.47
2523,0.48
2524,0.49
2525,0.47
2526,0.46
2527,0.48
2528,0.47
2529,0.49
2530,0.54
2531,0.53
2532,0.56
2533,0.56
2534,0.55
2535,0.55
2536,0.55
2537,0.6
2538,0.68
2539,0.71
2540,0.75
2541,0.78
2542,0.75
2543,0.65
2544,0.62
2545,0.64
2546,0.6
2547,0.5
2548,0.4
2549,0.33
2550,0.31
2551,0.31
2552,0.34
2553,0.38
2554,0.45
2555,0.5
2556,0.51
2557,0.53
2558,0.57
2559,0.69
2560,0.8
2561,0.8
2562,0.77
2563,0.75
2564,0.67
2565,0.61
2566,0.55
2567,0.5
2568,0.44
2569,0.42
2570,0.37
2571,0.33
2572,0.32
2573,0.29
2574,0.28
2575,0.24
2576,0.24
2577,0.27
2578,0.3
2579,0.26
2580,0.25
2581,0.26
2582,0.29
2583,0.3
2584,0.3
2585,0.34
2586,0.4
2587,0.46
2588,0.43
2589,0.46
2590,0.4
2591,0.37
2592,0.29
2593,0.28
2594,0.27
2595,0.3
2596,0.35
2597,0.35
2598,0.36
2599,0.39
2600,0.39
2601,0.44
2602,0.46
2603,0.5
2604,0.56
2605,0.62
2606,0.66
2607,0.67
2608,0.66
2609,0.65
2610,0.64
2611,0.61
2612,0.57
2613,0.57
2614,0.59
2615,0.57
2616,0.51
2617,0.49
2618,0.48
2619,0.42
2620,0.43
2621,0.4
2622,0.35
2623,0.37
2624,0.34
2625,0.37
2626,0.46
2627,0.47
2628,0.47
2629,0.47
2630,0.47
2631,0.46
2632,0.46
2633,0.45
2634,0.46
2635,0.46
2636,0.46
2637,0.5
2638,0.5
2639,0.48
2640,0.43
2641,0.42
2642,0.38
2643,0.39
2644,0.3
2645,0.28
2646,0.25
2647,0.22
2648,0.15
2649,0.12
2650,0.11
2651,0.1
2652,0.1
2653,0.11
2654,0.14
2655,0.17
2656,0.19
2657,0.21
2658,0.24
2659,0.22
2660,0.23
2661,0.29
2662,0.31
2663,0.32
2664,0.34
2665,0.33
2666,0.41
2667,0.43
2668,0.36
2669,0.3
2670,0.24
2671,0.21
2672,0.17
2673,0.16
2674,0.18
2675,0.17
2676,0.2
2677,0.23
2678,0.28
2679,0.34
2680,0.39
2681,0.47
2682,0.58
2683,0.64
2684,0.63
2685,0.66
2686,0.7
2687,0.72
2688,0.72
2689,0.73
2690,0.74
2691,0.72
2692,0.7
2693,0.67
2694,0.63
2695,0.58
2696,0.52
2697,0.5
2698,0.59
2699,0.61
2700,0.64
2701,0.67
2702,0.73
2703,0.75
2704,0.75
2705,0.81
2706,0.81
2707,0.78
2708,0.8
2709,0.81
2710,0.84
2711,0.82
2712,0.79
2713,0.79
2714,0.77
2715,0.72
2716,0.72
2717,0.71
2718,0.63
2719,0.59
2720,0.58
2721,0.61
2722,0.8
2723,0.82
2724,0.81
2725,0.83
2726,0.83
2727,0.81
2728,0.81
2729,0.81
2730,0.82
2731,0.85
2732,0.87
2733,0.89
2734,0.89
2735,0.89
2736,0.89
2737,0.88
2738,0.88
2739,0.88
2740,0.88
2741,0.87
2742,0.86
2743,0.83
2744,0.77
2745,0.72
2746,0.73
2747,0.7
2748,0.69
2749,0.62
2750,0.55
2751,0.51
2752,0.47
2753,0.42
2754,0.42
2755,0.44
2756,0.48
2757,0.56
2758,0.58
2759,0.57
2760,0.55
2761,0.51
2762,0.48
2763,0.44
2764,0.44
2765,0.44
2766,0.47
2767,0.45
2768,0.46
2769,0.51
2770,0.55
2771,0.52
2772,0.45
2773,0.46
2774,0.39
2775,0.37
2776,0.32
2777,0.25
2778,0.3
2779,0.31
2780,0.28
2781,0.31
2782,0.37
2783,0.47
2784,0.43
2785,0.47
2786,0.48
2787,0.47
2788,0.49
2789,0.46
2790,0.44
2791,0.43
2792,0.38
2793,0.38
2794,0.42
2795,0.43
2796,0.49
2797,0.53
2798,0.62
2799,0.65
2800,0.63
2801,0.51
2802,0.44
2803,0.34
2804,0.24
2805,0.23
2806,0.24
2807,0.24
2808,0.24
2809,0.28
2810,0.31
2811,0.35
2812,0.4
2813,0.46
2814,0.57
2815,0.64
2816,0.63
2817,0.58
2818,0.6
2819,0.63
2820,0.64
2821,0.67
2822,0.73
2823,0.76
2824,0.76
2825,0.77
2826,0.75
2827,0.79
2828,0.81
2829,0.82
2830,0.84
2831,0.86
2832,0.85
2833,0.85
2834,0.86
2835,0.85
2836,0.86
2837,0.86
2838,0.84
2839,0.81
2840,0.78
2841,0.73
2842,0.68
2843,0.62
2844,0.6
2845,0.57
2846,0.55
2847,0.49
2848,0.49
2849,0.49
2850,0.52
2851,0.52
2852,0.48
2853,0.52
2854,0.52
2855,0.58
2856,0.62
2857,0.61
2858,0.57
2859,0.56
2860,0.52
2861,0.54
2862,0.56
2863,0.6
2864,0.59
2865,0.63
2866,0.72
2867,0.7
2868,0.69
2869,0.69
2870,0.66
2871,0.61
2872,0.53
2873,0.55
2874,0.54
2875,0.49
2876,0.42
2877,0.36
2878,0.32
2879,0.3
2880,0.3
2881,0.31
2882,0.31
2883,0.33
2884,0.35
2885,0.33
2886,0.37
2887,0.43
2888,0.49
2889,0.61
2890,0.64
2891,0.58
2892,0.55
2893,0.5
2894,0.51
2895,0.51
2896,0.53
2897,0.57
2898,0.6
2899,0.62
2900,0.6
2901,0.59
2902,0.56
2903,0.52
2904,0.52
2905,0.52
2906,0.5
2907,0.5
2908,0.55
2909,0.54
2910,0.54
2911,0.49
2912,0.49
2913,0.52
2914,0.53
2915,0.47
2916,0.43
2917,0.42
2918,0.38
2919,0.35
2920,0.32
2921,0.32
2922,0.31
2923,0.35
2924,0.37
2925,0.42
2926,0.39
2927,0.34
2928,0.32
2929,0.28
2930,0.22
2931,0.21
2932,0.2
2933,0.16
2934,0.2
2935,0.2
2936,0.21
2937,0.26
2938,0.28
2939,0.29
2940,0.3
2941,0.3
2942,0.28
2943,0.24
2944,0.21
2945,0.21
2946,0.2
2947,0.2
2948,0.22
2949,0.26
2950,0.3
2951,0.35
2952,0.38
2953,0.41
2954,0.5
2955,0.56
2956,0.58
2957,0.62
2958,0.7
2959,0.7
2960,0.68
2961,0.69
2962,0.69
2963,0.65
2964,0.62
2965,0.54
2966,0.53
2967,0.46
2968,0.41
2969,0.46
2970,0.46
2971,0.39
2972,0.3
2973,0.26
2974,0.25
2975,0.22
2976,0.21
2977,0.17
2978,0.16
2979,0.16
2980,0.17
2981,0.15
2982,0.16
2983,0.16
2984,0.16
2985,0.19
2986,0.28
2987,0.37
2988,0.32
2989,0.3
2990,0.26
2991,0.22
2992,0.18
2993,0.15
2994,0.11
2995,0.08
2996,0.07
2997,0.07
2998,0.05
2999,0.04
3000,0.04
3001,0.05
3002,0.05
3003,0.05
3004,0.05
3005,0.06
3006,0.06
3007,0.08
3008,0.07
3009,0.08
3010,0.05
3011,0.05
3012,0.05
3013,0.05
3014,0.04
3015,0.04
3016,0.03
3017,0.02
3018,0.02
3019,0.02
3020,0.03
3021,0.06
3022,0.15
3023,0.22
3024,0.31
3025,0.39
3026,0.43
3027,0.45
3028,0.47
3029,0.5
3030,0.5
3031,0.52
3032,0.42
3033,0.32
3034,0.39
3035,0.53
3036,0.56
3037,0.58
3038,0.57
3039,0.56
3040,0.53
3041,0.58
3042,0.6
3043,0.64
3044,0.67
3045,0.72
3046,0.73
3047,0.74
3048,0.74
3049,0.75
3050,0.74
3051,0.7
3052,0.69
3053,0.68
3054,0.67
3055,0.67
3056,0.6
3057,0.6
3058,0.63
3059,0.65
3060,0.62
3061,0.58
3062,0.54
3063,0.44
3064,0.39
3065,0.4
3066,0.39
3067,0.41
3068,0.54
3069,0.65
3070,0.71
3071,0.7
3072,0.69
3073,0.7
3074,0.7
3075,0.68
3076,0.68
3077,0.65
3078,0.63
3079,0.59
3080,0.56
3081,0.57
3082,0.55
3083,0.64
3084,0.66
3085,0.63
3086,0.6
3087,0.56
3088,0.51
3089,0.49
3090,0.46
3091,0.42
3092,0.47
3093,0.55
3094,0.57
3095,0.59
3096,0.62
3097,0.59
3098,0.54
3099,0.51
3100,0.46
3101,0.4
3102,0.37
3103,0.38
3104,0.34
3105,0.35
3106,0.39
3107,0.4
3108,0.42
3109,0.44
3110,0.45
3111,0.47
3112,0.48
3113,0.53
3114,0.58
3115,0.56
3116,0.56
3117,0.6
3118,0.64
3119,0.66
3120,0.67
3121,0.71
3122,0.73
3123,0.72
3124,0.67
3125,0.66
3126,0.66
3127,0.66
3128,0.69
3129,0.74
3130,0.76
3131,0.76
3132,0.79
3133,0.79
3134,0.75
3135,0.75
3136,0.76
3137,0.73
3138,0.75
3139,0.78
3140,0.81
3141,0.81
3142,0.81
3143,0.83
3144,0.84
3145,0.82
3146,0.8
3147,0.78
3148,0.76
3149,0.7
3150,0.71
3151,0.61
3152,0.61
3153,0.65
3154,0.65
3155,0.58
3156,0.53
3157,0.49
3158,0.42
3159,0.33
3160,0.24
3161,0.19
3162,0.14
3163,0.09
3164,0.07
3165,0.1
3166,0.12
3167,0.16
3168,0.24
3169,0.3
3170,0.38
3171,0.43
3172,0.46
3173,0.48
3174,0.48
3175,0.48
3176,0.42
3177,0.39
3178,0.4
3179,0.46
3180,0.49
3181,0.53
3182,0.54
3183,0.52
3184,0.5
3185,0.47
3186,0.5
3187,0.51
3188,0.62
3189,0.71
3190,0.7
3191,0.7
3192,0.7
3193,0.69
3194,0.68
3195,0.68
3196,0.67
3197,0.63
3198,0.6
3199,0.57
3200,0.53
3201,0.56
3202,0.59
3203,0.58
3204,0.57
3205,0.55
3206,0.58
3207,0.53
3208,0.56
3209,0.65
3210,0.71
3211,0.73
3212,0.75
3213,0.74
3214,0.74
3215,0.77
3216,0.77
3217,0.78
3218,0.79
3219,0.8
3220,0.78
3221,0.77
3222,0.74
3223,0.75
3224,0.78
3225,0.82
3226,0.82
3227,0.82
3228,0.83
3229,0.81
3230,0.73
3231,0.71
3232,0.68
3233,0.69
3234,0.74
3235,0.73
3236,0.73
3237,0.81
3238,0.83
3239,0.81
3240,0.78
3241,0.75
3242,0.74
3243,0.73
3244,0.71
3245,0.66
3246,0.63
3247,0.59
3248,0.57
3249,0.58
3250,0.65
3251,0.65
3252,0.62
3253,0.58
3254,0.49
3255,0.39
3256,0.33
3257,0.27
3258,0.22
3259,0.2
3260,0.28
3261,0.4
3262,0.42
3263,0.49
3264,0.5
3265,0.6
3266,0.58
3267,0.58
3268,0.5
3269,0.43
3270,0.4
3271,0.37
3272,0.38
3273,0.42
3274,0.48
3275,0.5
3276,0.5
3277,0.5
3278,0.51
3279,0.47
3280,0.44
3281,0.48
3282,0.51
3283,0.51
3284,0.48
3285,0.48
3286,0.45
3287,0.44
3288,0.42
3289,0.47
3290,0.53
3291,0.52
3292,0.48
3293,0.51
3294,0.58
3295,0.55
3296,0.6
3297,0.67
3298,0.75
3299,0.82
3300,0.88
3301,0.88
3302,0.89
3303,0.88
3304,0.88
3305,0.88
3306,0.87
3307,0.85
3308,0.87
3309,0.87
3310,0.85
3311,0.88
3312,0.88
3313,0.88
3314,0.89
3315,0.87
3316,0.86
3317,0.84
3318,0.81
3319,0.8
3320,0.8
3321,0.82
3322,0.82
3323,0.8
3324,0.79
3325,0.77
3326,0.73
3327,0.73
3328,0.71
3329,0.72
3330,0.67
3331,0.59
3332,0.53
3333,0.51
3334,0.53
3335,0.6
3336,0.67
3337,0.74
3338,0.77
3339,0.79
3340,0.8
3341,0.79
3342,0.76
3343,0.74
3344,0.65
3345,0.62
3346,0.61
3347,0.63
3348,0.63
3349,0.65
3350,0.65
3351,0.67
3352,0.65
3353,0.62
3354,0.61
3355,0.52
3356,0.48
3357,0.48
3358,0.51
3359,0.42
3360,0.38
3361,0.44
3362,0.42
3363,0.38
3364,0.37
3365,0.34
3366,0.33
3367,0.36
3368,0.35
3369,0.4
3370,0.39
3371,0.37
3372,0.36
3373,0.34
3374,0.31
3375,0.28
3376,0.26
3377,0.26
3378,0.27
3379,0.26
3380,0.28
3381,0.33
3382,0.37
3383,0.37
3384,0.32
3385,0.3
3386,0.28
3387,0.26
3388,0.25
3389,0.24
3390,0.19
3391,0.17
3392,0.13
3393,0.11
3394,0.1
3395,0.07
3396,0.06
3397,0.07
3398,0.07
3399,0.07
3400,0.08
3401,0.1
3402,0.15
3403,0.16
3404,0.21
3405,0.28
3406,0.32
3407,0.37
3408,0.37
3409,0.38
3410,0.39
3411,0.38
3412,0.38
3413,0.39
3414,0.4
3415,0.41
3416,0.28
3417,0.21
3418,0.25
3419,0.23
3420,0.18
3421,0.14
3422,0.13
3423,0.13
3424,0.14
3425,0.15
3426,0.22
3427,0.28
3428,0.37
3429,0.52
3430,0.61
3431,0.66
3432,0.66
3433,0.66
3434,0.66
3435,0.68
3436,0.67
3437,0.65
3438,0.66
3439,0.64
3440,0.62
3441,0.62
3442,0.63
3443,0.62
3444,0.62
3445,0.61
3446,0.6
3447,0.6
3448,0.57
3449,0.57
3450,0.61
3451,0.65
3452,0.66
3453,0.67
3454,0.65
3455,0.69
3456,0.73
3457,0.75
3458,0.76
3459,0.76
3460,0.74
3461,0.75
3462,0.73
3463,0.69
3464,0.68
3465,0.7
3466,0.65
3467,0.62
3468,0.58
3469,0.54
3470,0.52
3471,0.5
3472,0.48
3473,0.5
3474,0.54
3475,0.59
3476,0.68
3477,0.73
3478,0.75
3479,0.71
3480,0.72
3481,0.75
3482,0.77
3483,0.76
3484,0.74
3485,0.72
3486,0.67
3487,0.62
3488,0.58
3489,0.58
3490,0.58
3491,0.49
3492,0.42
3493,0.35
3494,0.32
3495,0.29
3496,0.3
3497,0.34
3498,0.36
3499,0.43
3500,0.4
3501,0.39
3502,0.45
3503,0.48
3504,0.57
3505,0.57
3506,0.55
3507,0.56
3508,0.52
3509,0.47
3510,0.41
3511,0.42
3512,0.4
3513,0.44
3514,0.43
3515,0.41
3516,0.33
3517,0.28
3518,0.22
3519,0.15
3520,0.14
3521,0.14
3522,0.16
3523,0.22
3524,0.28
3525,0.4
3526,0.46
3527,0.53
3528,0.48
3529,0.45
3530,0.4
3531,0.38
3532,0.35
3533,0.33
3534,0.3
3535,0.3
3536,0.3
3537,0.35
3538,0.34
3539,0.33
3540,0.29
3541,0.28
3542,0.29
3543,0.27
3544,0.28
3545,0.31
3546,0.32
3547,0.35
3548,0.35
3549,0.38
3550,0.39
3551,0.39
3552,0.38
3553,0.4
3554,0.42
3555,0.41
3556,0.37
3557,0.33
3558,0.3
3559,0.29
3560,0.34
3561,0.43
3562,0.59
3563,0.65
3564,0.7
3565,0.73
3566,0.77
3567,0.77
3568,0.75
3569,0.74
3570,0.69
3571,0.69
3572,0.6
3573,0.5
3574,0.41
3575,0.43
3576,0.39
3577,0.42
3578,0.46
3579,0.55
3580,0.51
3581,0.54
3582,0.53
3583,0.51
3584,0.5
3585,0.51
3586,0.4
3587,0.34
3588,0.29
3589,0.29
3590,0.32
3591,0.29
3592,0.28
3593,0.27
3594,0.23
3595,0.22
3596,0.15
3597,0.14
3598,0.22
3599,0.28
3600,0.33
3601,0.42
3602,0.46
3603,0.41
3604,0.36
3605,0.34
3606,0.31
3607,0.28
3608,0.28
3609,0.36
3610,0.41
3611,0.42
3612,0.39
3613,0.38
3614,0.4
3615,0.37
3616,0.35
3617,0.36
3618,0.36
3619,0.44
3620,0.43
3621,0.46
3622,0.5
3623,0.53
3624,0.6
3625,0.61
3626,0.6
3627,0.57
3628,0.57
3629,0.61
3630,0.67
3631,0.68
3632,0.75
3633,0.82
3634,0.81
3635,0.8
3636,0.81
3637,0.81
3638,0.8
3639,0.74
3640,0.73
3641,0.73
3642,0.71
3643,0.71
3644,0.76
3645,0.76
3646,0.81
3647,0.79
3648,0.78
3649,0.79
3650,0.79
3651,0.77
3652,0.76
3653,0.76
3654,0.71
3655,0.66
3656,0.61
3657,0.66
3658,0.65
3659,0.63
3660,0.56
3661,0.49
3662,0.44
3663,0.4
3664,0.32
3665,0.31
3666,0.31
3667,0.29
3668,0.25
3669,0.24
3670,0.25
3671,0.25
3672,0.23
3673,0.23
3674,0.21
3675,0.22
3676,0.22
3677,0.2
3678,0.19
3679,0.2
3680,0.2
3681,0.27
3682,0.23
3683,0.22
3684,0.25
3685,0.21
3686,0.21
3687,0.19
3688,0.17
3689,0.18
3690,0.21
3691,0.28
3692,0.29
3693,0.3
3694,0.26
3695,0.2
3696,0.15
3697,0.12
3698,0.11
3699,0.1
3700,0.11
3701,0.14
3702,0.16
3703,0.13
3704,0.11
3705,0.13
3706,0.12
3707,0.12
3708,0.11
3709,0.08
3710,0.07
3711,0.06
3712,0.07
3713,0.1
3714,0.16
3715,0.2
3716,0.29
3717,0.39
3718,0.46
3719,0.49
3720,0.49
3721,0.5
3722,0.54
3723,0.55
3724,0.55
3725,0.54
3726,0.5
3727,0.49
3728,0.46
3729,0.5
3730,0.57
3731,0.59
3732,0.61
3733,0.62
3734,0.65
3735,0.63
3736,0.62
3737,0.63
3738,0.65
3739,0.67
3740,0.68
3741,0.69
3742,0.71
3743,0.7
3744,0.61
3745,0.61
3746,0.63
3747,0.56
3748,0.67
3749,0.69
3750,0.65
3751,0.53
3752,0.56
3753,0.59
3754,0.7
3755,0.7
3756,0.68
3757,0.67
3758,0.69
3759,0.64
3760,0.63
3761,0.65
3762,0.68
3763,0.7
3764,0.73
3765,0.73
3766,0.75
3767,0.74
3768,0.72
3769,0.72
3770,0.71
3771,0.72
3772,0.72
3773,0.69
3774,0.68
3775,0.65
3776,0.66
3777,0.72
3778,0.72
3779,0.72
3780,0.72
3781,0.74
3782,0.76
3783,0.73
3784,0.72
3785,0.73
3786,0.74
3787,0.76
3788,0.78
3789,0.76
3790,0.77
3791,0.76
3792,0.75
3793,0.74
3794,0.7
3795,0.7
3796,0.67
3797,0.63
3798,0.59
3799,0.57
3800,0.6
3801,0.68
3802,0.67
3803,0.62
3804,0.59
3805,0.58
3806,0.55
3807,0.48
3808,0.46
3809,0.52
3810,0.56
3811,0.63
3812,0.65
3813,0.66
3814,0.67
3815,0.67
3816,0.63
3817,0.61
3818,0.56
3819,0.55
3820,0.51
3821,0.48
3822,0.41
3823,0.34
3824,0.27
3825,0.28
3826,0.23
3827,0.15
3828,0.1
3829,0.07
3830,0.08
3831,0.11
3832,0.15
3833,0.19
3834,0.21
3835,0.27
3836,0.3
3837,0.36
3838,0.43
3839,0.47
3840,0.44
3841,0.43
3842,0.42
3843,0.36
3844,0.27
3845,0.21
3846,0.17
3847,0.14
3848,0.09
3849,0.07
3850,0.08
3851,0.05
3852,0.05
3853,0.06
3854,0.08
3855,0.1
3856,0.13
3857,0.17
3858,0.26
3859,0.32
3860,0.38
3861,0.44
3862,0.47
3863,0.45
3864,0.41
3865,0.36
3866,0.31
3867,0.29
3868,0.24
3869,0.22
3870,0.21
3871,0.19
3872,0.13
3873,0.1
3874,0.12
3875,0.13
3876,0.14
3877,0.18
3878,0.2
3879,0.2
3880,0.22
3881,0.26
3882,0.32
3883,0.39
3884,0.42
3885,0.46
3886,0.49
3887,0.51
3888,0.5
3889,0.52
3890,0.53
3891,0.52
3892,0.52
3893,0.49
3894,0.46
3895,0.38
3896,0.39
3897,0.48
3898,0.48
3899,0.49
3900,0.5
3901,0.5
3902,0.53
3903,0.52
3904,0.51
3905,0.54
3906,0.64
3907,0.68
3908,0.71
3909,0.73
3910,0.73
3911,0.72
3912,0.72
3913,0.73
3914,0.73
3915,0.74
3916,0.72
3917,0.71
3918,0.69
3919,0.67
3920,0.7
3921,0.78
3922,0.77
3923,0.75
3924,0.72
3925,0.69
3926,0.65
3927,0.57
3928,0.56
3929,0.59
3930,0.66
3931,0.7
3932,0.73
3933,0.72
3934,0.7
3935,0.67
3936,0.7
3937,0.69
3938,0.71
3939,0.71
3940,0.7
3941,0.68
3942,0.66
3943,0.59
3944,0.62
3945,0.71
3946,0.71
3947,0.66
3948,0.55
3949,0.47
3950,0.45
3951,0.41
3952,0.4
3953,0.45
3954,0.52
3955,0.58
3956,0.61
3957,0.61
3958,0.64
3959,0.66
3960,0.64
3961,0.63
3962,0.63
3963,0.62
3964,0.58
3965,0.57
3966,0.56
3967,0.54
3968,0.55
3969,0.62
3970,0.61
3971,0.57
3972,0.47
3973,0.47
3974,0.48
3975,0.48
3976,0.56
3977,0.61
3978,0.67
3979,0.69
3980,0.71
3981,0.7
3982,0.71
3983,0.72
3984,0.72
3985,0.71
3986,0.72
3987,0.7
3988,0.68
3989,0.63
3990,0.62
3991,0.61
3992,0.65
3993,0.73
3994,0.73
3995,0.7
3996,0.66
3997,0.62
3998,0.6
3999,0.55
4000,0.5
4001,0.51
4002,0.54
4003,0.61
4004,0.67
4005,0.67
4006,0.69
4007,0.69
4008,0.66
4009,0.65
4010,0.66
4011,0.66
4012,0.64
4013,0.6
4014,0.55
4015,0.49
4016,0.47
4017,0.53
4018,0.49
4019,0.37
4020,0.26
4021,0.18
4022,0.17
4023,0.17
4024,0.16
4025,0.19
4026,0.24
4027,0.28
4028,0.35
4029,0.44
4030,0.45
4031,0.47
4032,0.47
4033,0.47
4034,0.47
4035,0.46
4036,0.42
4037,0.4
4038,0.35
4039,0.32
4040,0.22
4041,0.17
4042,0.16
4043,0.08
4044,0.04
4045,0.02
4046,0.04
4047,0.06
4048,0.08
4049,0.11
4050,0.14
4051,0.18
4052,0.26
4053,0.35
4054,0.42
4055,0.42
4056,0.44
4057,0.43
4058,0.43
4059,0.44
4060,0.42
4061,0.42
4062,0.44
4063,0.45
4064,0.4
4065,0.38
4066,0.47
4067,0.41
4068,0.35
4069,0.3
4070,0.35
4071,0.32
4072,0.34
4073,0.35
4074,0.4
4075,0.44
4076,0.49
4077,0.55
4078,0.61
4079,0.65
4080,0.68
4081,0.69
4082,0.69
4083,0.68
4084,0.65
4085,0.64
4086,0.63
4087,0.59
4088,0.47
4089,0.4
4090,0.36
4091,0.27
4092,0.19
4093,0.13
4094,0.12
4095,0.13
4096,0.16
4097,0.19
4098,0.23
4099,0.3
4100,0.35
4101,0.43
4102,0.48
4103,0.51
4104,0.53
4105,0.51
4106,0.54
4107,0.48
4108,0.43
4109,0.36
4110,0.33
4111,0.28
4112,0.23
4113,0.24
4114,0.24
4115,0.17
4116,0.14
4117,0.15
4118,0.18
4119,0.19
4120,0.23
4121,0.3
4122,0.38
4123,0.47
4124,0.51
4125,0.56
4126,0.59
4127,0.53
4128,0.55
4129,0.49
4130,0.45
4131,0.47
4132,0.45
4133,0.45
4134,0.34
4135,0.3
4136,0.27
4137,0.29
4138,0.29
4139,0.27
4140,0.28
4141,0.3
4142,0.27
4143,0.28
4144,0.3
4145,0.31
4146,0.27
4147,0.24
4148,0.2
4149,0.18
4150,0.15
4151,0.18
4152,0.17
4153,0.17
4154,0.21
4155,0.22
4156,0.22
4157,0.23
4158,0.2
4159,0.18
4160,0.14
4161,0.13
4162,0.12
4163,0.08
4164,0.06
4165,0.04
4166,0.04
4167,0.04
4168,0.05
4169,0.08
4170,0.1
4171,0.18
4172,0.27
4173,0.39
4174,0.43
4175,0.44
4176,0.42
4177,0.46
4178,0.49
4179,0.49
4180,0.46
4181,0.46
4182,0.4
4183,0.37
4184,0.33
4185,0.34
4186,0.4
4187,0.43
4188,0.39
4189,0.35
4190,0.31
4191,0.29
4192,0.31
4193,0.35
4194,0.43
4195,0.48
4196,0.53
4197,0.57
4198,0.59
4199,0.62
4200,0.65
4201,0.66
4202,0.64
4203,0.62
4204,0.59
4205,0.54
4206,0.48
4207,0.44
4208,0.4
4209,0.44
4210,0.46
4211,0.44
4212,0.4
4213,0.36
4214,0.37
4215,0.36
4216,0.35
4217,0.34
4218,0.35
4219,0.45
4220,0.54
4221,0.61
4222,0.65
4223,0.63
4224,0.58
4225,0.53
4226,0.5
4227,0.48
4228,0.45
4229,0.46
4230,0.46
4231,0.42
4232,0.31
4233,0.24
4234,0.25
4235,0.19
4236,0.13
4237,0.11
4238,0.12
4239,0.11
4240,0.11
4241,0.14
4242,0.14
4243,0.16
4244,0.25
4245,0.38
4246,0.46
4247,0.52
4248,0.57
4249,0.57
4250,0.58
4251,0.54
4252,0.51
4253,0.48
4254,0.47
4255,0.45
4256,0.33
4257,0.28
4258,0.3
4259,0.24
4260,0.16
4261,0.14
4262,0.14
4263,0.13
4264,0.14
4265,0.16
4266,0.2
4267,0.23
4268,0.3
4269,0.43
4270,0.56
4271,0.59
4272,0.61
4273,0.64
4274,0.65
4275,0.64
4276,0.63
4277,0.58
4278,0.55
4279,0.52
4280,0.46
4281,0.46
4282,0.46
4283,0.39
4284,0.33
4285,0.29
4286,0.29
4287,0.25
4288,0.25
4289,0.28
4290,0.31
4291,0.4
4292,0.49
4293,0.59
4294,0.65
4295,0.65
4296,0.62
4297,0.59
4298,0.56
4299,0.54
4300,0.54
4301,0.5
4302,0.46
4303,0.4
4304,0.33
4305,0.34
4306,0.29
4307,0.21
4308,0.17
4309,0.17
4310,0.18
4311,0.17
4312,0.19
4313,0.24
4314,0.32
4315,0.41
4316,0.45
4317,0.49
4318,0.51
4319,0.51
4320,0.49
4321,0.45
4322,0.45
4323,0.45
4324,0.41
4325,0.35
4326,0.31
4327,0.26
4328,0.18
4329,0.16
4330,0.14
4331,0.08
4332,0.04
4333,0.06
4334,0.08
4335,0.1
4336,0.13
4337,0.15
4338,0.18
4339,0.29
4340,0.3
4341,0.34
4342,0.37
4343,0.38
4344,0.37
4345,0.37
4346,0.33
4347,0.31
4348,0.26
4349,0.25
4350,0.22
4351,0.18
4352,0.13
4353,0.12
4354,0.11
4355,0.1
4356,0.09
4357,0.09
4358,0.11
4359,0.1
4360,0.11
4361,0.11
4362,0.14
4363,0.18
4364,0.2
4365,0.25
4366,0.31
4367,0.34
4368,0.35
4369,0.36
4370,0.39
4371,0.36
4372,0.35
4373,0.32
4374,0.29
4375,0.24
4376,0.19
4377,0.21
4378,0.17
4379,0.13
4380,0.11
4381,0.12
4382,0.15
4383,0.18
4384,0.19
4385,0.24
4386,0.23
4387,0.24
4388,0.27
4389,0.35
4390,0.45
4391,0.47
4392,0.46
4393,0.48
4394,0.48
4395,0.46
4396,0.44
4397,0.43
4398,0.37
4399,0.33
4400,0.21
4401,0.18
4402,0.23
4403,0.18
4404,0.17
4405,0.19
4406,0.23
4407,0.25
4408,0.31
4409,0.32
4410,0.35
4411,0.39
4412,0.43
4413,0.48
4414,0.53
4415,0.53
4416,0.53
4417,0.54
4418,0.49
4419,0.5
4420,0.46
4421,0.38
4422,0.31
4423,0.24
4424,0.14
4425,0.12
4426,0.15
4427,0.11
4428,0.11
4429,0.18
4430,0.25
4431,0.26
4432,0.27
4433,0.28
4434,0.3
4435,0.36
4436,0.38
4437,0.43
4438,0.5
4439,0.48
4440,0.44
4441,0.4
4442,0.37
4443,0.33
4444,0.31
4445,0.26
4446,0.22
4447,0.18
4448,0.12
4449,0.11
4450,0.13
4451,0.09
4452,0.09
4453,0.11
4454,0.14
4455,0.13
4456,0.14
4457,0.15
4458,0.17
4459,0.19
4460,0.2
4461,0.25
4462,0.31
4463,0.32
4464,0.3
4465,0.31
4466,0.34
4467,0.41
4468,0.41
4469,0.37
4470,0.32
4471,0.26
4472,0.19
4473,0.18
4474,0.18
4475,0.13
4476,0.11
4477,0.13
4478,0.15
4479,0.17
4480,0.18
4481,0.21
4482,0.21
4483,0.23
4484,0.27
4485,0.33
4486,0.41
4487,0.46
4488,0.5
4489,0.5
4490,0.48
4491,0.47
4492,0.44
4493,0.41
4494,0.36
4495,0.3
4496,0.27
4497,0.34
4498,0.39
4499,0.41
4500,0.43
4501,0.46
4502,0.5
4503,0.42
4504,0.44
4505,0.48
4506,0.54
4507,0.58
4508,0.58
4509,0.59
4510,0.56
4511,0.55
4512,0.51
4513,0.47
4514,0.44
4515,0.43
4516,0.41
4517,0.4
4518,0.37
4519,0.34
4520,0.36
4521,0.51
4522,0.56
4523,0.58
4524,0.6
4525,0.62
4526,0.65
4527,0.63
4528,0.6
4529,0.62
4530,0.64
4531,0.63
4532,0.6
4533,0.55
4534,0.52
4535,0.48
4536,0.45
4537,0.41
4538,0.39
4539,0.39
4540,0.37
4541,0.34
4542,0.31
4543,0.26
4544,0.18
4545,0.16
4546,0.16
4547,0.17
4548,0.23
4549,0.31
4550,0.32
4551,0.31
4552,0.28
4553,0.3
4554,0.34
4555,0.38
4556,0.42
4557,0.47
4558,0.49
4559,0.49
4560,0.48
4561,0.44
4562,0.41
4563,0.4
4564,0.4
4565,0.37
4566,0.33
4567,0.27
4568,0.15
4569,0.1
4570,0.16
4571,0.11
4572,0.09
4573,0.09
4574,0.09
4575,0.09
4576,0.1
4577,0.12
4578,0.15
4579,0.18
4580,0.23
4581,0.31
4582,0.35
4583,0.36
4584,0.38
4585,0.37
4586,0.39
4587,0.41
4588,0.43
4589,0.37
4590,0.35
4591,0.29
4592,0.2
4593,0.16
4594,0.15
4595,0.08
4596,0.04
4597,0.03
4598,0.04
4599,0.04
4600,0.05
4601,0.08
4602,0.09
4603,0.11
4604,0.12
4605,0.16
4606,0.17
4607,0.18
4608,0.16
4609,0.15
4610,0.18
4611,0.18
4612,0.13
4613,0.12
4614,0.12
4615,0.14
4616,0.12
4617,0.17
4618,0.14
4619,0.18
4620,0.26
4621,0.28
4622,0.31
4623,0.32
4624,0.33
4625,0.39
4626,0.36
4627,0.39
4628,0.35
4629,0.34
4630,0.34
4631,0.31
4632,0.32
4633,0.35
4634,0.36
4635,0.4
4636,0.45
4637,0.48
4638,0.43
4639,0.41
4640,0.41
4641,0.48
4642,0.52
4643,0.54
4644,0.57
4645,0.59
4646,0.63
4647,0.63
4648,0.6
4649,0.57
4650,0.54
4651,0.47
4652,0.34
4653,0.27
4654,0.18
4655,0.12
4656,0.09
4657,0.07
4658,0.06
4659,0.05
4660,0.05
4661,0.06
4662,0.07
4663,0.08
4664,0.06
4665,0.07
4666,0.08
4667,0.09
4668,0.09
4669,0.12
4670,0.12
4671,0.11
4672,0.1
4673,0.09
4674,0.1
4675,0.11
4676,0.14
4677,0.18
4678,0.25
4679,0.32
4680,0.42
4681,0.44
4682,0.47
4683,0.5
4684,0.48
4685,0.53
4686,0.51
4687,0.47
4688,0.46
4689,0.55
4690,0.52
4691,0.57
4692,0.57
4693,0.63
4694,0.68
4695,0.67
4696,0.68
4697,0.73
4698,0.73
4699,0.73
4700,0.69
4701,0.62
4702,0.56
4703,0.47
4704,0.44
4705,0.44
4706,0.37
4707,0.34
4708,0.34
4709,0.39
4710,0.44
4711,0.43
4712,0.41
4713,0.49
4714,0.51
4715,0.48
4716,0.48
4717,0.56
4718,0.57
4719,0.53
4720,0.48
4721,0.46
4722,0.45
4723,0.46
4724,0.4
4725,0.37
4726,0.34
4727,0.29
4728,0.28
4729,0.24
4730,0.22
4731,0.2
4732,0.19
4733,0.19
4734,0.24
4735,0.25
4736,0.27
4737,0.39
4738,0.42
4739,0.41
4740,0.46
4741,0.51
4742,0.53
4743,0.5
4744,0.48
4745,0.48
4746,0.53
4747,0.51
4748,0.5
4749,0.51
4750,0.44
4751,0.39
4752,0.37
4753,0.36
4754,0.33
4755,0.3
4756,0.29
4757,0.27
4758,0.29
4759,0.28
4760,0.29
4761,0.42
4762,0.46
4763,0.53
4764,0.56
4765,0.62
4766,0.62
4767,0.59
4768,0.53
4769,0.52
4770,0.5
4771,0.49
4772,0.43
4773,0.4
4774,0.38
4775,0.33
4776,0.32
4777,0.29
4778,0.28
4779,0.31
4780,0.31
4781,0.31
4782,0.29
4783,0.25
4784,0.2
4785,0.22
4786,0.2
4787,0.21
4788,0.22
4789,0.26
4790,0.29
4791,0.27
4792,0.25
4793,0.23
4794,0.26
4795,0.28
4796,0.25
4797,0.28
4798,0.29
4799,0.27
4800,0.24
4801,0.22
4802,0.22
4803,0.21
4804,0.22
4805,0.25
4806,0.25
4807,0.23
4808,0.19
4809,0.22
4810,0.26
4811,0.22
4812,0.19
4813,0.16
4814,0.16
4815,0.14
4816,0.17
4817,0.18
4818,0.24
4819,0.25
4820,0.28
4821,0.34
4822,0.4
4823,0.41
4824,0.45
4825,0.45
4826,0.48
4827,0.5
4828,0.49
4829,0.47
4830,0.45
4831,0.39
4832,0.37
4833,0.47
4834,0.47
4835,0.45
4836,0.45
4837,0.43
4838,0.45
4839,0.48
4840,0.51
4841,0.56
4842,0.59
4843,0.61
4844,0.59
4845,0.59
4846,0.61
4847,0.6
4848,0.57
4849,0.56
4850,0.52
4851,0.52
4852,0.46
4853,0.38
4854,0.35
4855,0.27
4856,0.27
4857,0.37
4858,0.34
4859,0.32
4860,0.34
4861,0.37
4862,0.37
4863,0.39
4864,0.46
4865,0.5
4866,0.49
4867,0.47
4868,0.37
4869,0.32
4870,0.29
4871,0.26
4872,0.22
4873,0.18
4874,0.14
4875,0.11
4876,0.1
4877,0.1
4878,0.1
4879,0.09
4880,0.09
4881,0.14
4882,0.12
4883,0.11
4884,0.1
4885,0.11
4886,0.12
4887,0.13
4888,0.17
4889,0.17
4890,0.19
4891,0.21
4892,0.19
4893,0.18
4894,0.17
4895,0.17
4896,0.15
4897,0.16
4898,0.18
4899,0.2
4900,0.2
4901,0.21
4902,0.23
4903,0.22
4904,0.21
4905,0.26
4906,0.33
4907,0.34
4908,0.4
4909,0.42
4910,0.44
4911,0.41
4912,0.44
4913,0.46
4914,0.5
4915,0.54
4916,0.51
4917,0.53
4918,0.52
4919,0.51
4920,0.54
4921,0.51
4922,0.52
4923,0.54
4924,0.54
4925,0.49
4926,0.47
4927,0.45
4928,0.46
4929,0.56
4930,0.56
4931,0.59
4932,0.61
4933,0.65
4934,0.66
4935,0.66
4936,0.66
4937,0.69
4938,0.72
4939,0.63
4940,0.64
4941,0.62
4942,0.61
4943,0.55
4944,0.52
4945,0.49
4946,0.51
4947,0.52
4948,0.54
4949,0.52
4950,0.5
4951,0.41
4952,0.36
4953,0.42
4954,0.39
4955,0.41
4956,0.46
4957,0.46
4958,0.47
4959,0.47
4960,0.45
4961,0.41
4962,0.44
4963,0.47
4964,0.49
4965,0.54
4966,0.55
4967,0.53
4968,0.5
4969,0.48
4970,0.5
4971,0.48
4972,0.49
4973,0.46
4974,0.41
4975,0.35
4976,0.3
4977,0.33
4978,0.33
4979,0.3
4980,0.3
4981,0.31
4982,0.33
4983,0.3
4984,0.26
4985,0.26
4986,0.29
4987,0.33
4988,0.33
4989,0.35
4990,0.36
4991,0.38
4992,0.36
4993,0.35
4994,0.34
4995,0.33
4996,0.3
4997,0.25
4998,0.21
4999,0.15
5000,0.12
5001,0.12
5002,0.17
5003,0.16
5004,0.14
5005,0.14
5006,0.16
5007,0.17
5008,0.18
5009,0.2
5010,0.21
5011,0.24
5012,0.19
5013,0.19
5014,0.19
5015,0.17
5016,0.16
5017,0.15
5018,0.1
5019,0.07
5020,0.05
5021,0.04
5022,0.03
5023,0.03
5024,0.02
5025,0.02
5026,0.02
5027,0.01
5028,0.01
5029,0
5030,0.01
5031,0.02
5032,0.04
5033,0.05
5034,0.06
5035,0.06
5036,0.05
5037,0.05
5038,0.05
5039,0.05
5040,0.05
5041,0.04
5042,0.03
5043,0.03
5044,0.03
5045,0.04
5046,0.05
5047,0.06
5048,0.06
5049,0.09
5050,0.08
5051,0.06
5052,0.04
5053,0.03
5054,0.03
5055,0.07
5056,0.07
5057,0.08
5058,0.14
5059,0.11
5060,0.09
5061,0.1
5062,0.09
5063,0.1
5064,0.08
5065,0.06
5066,0.04
5067,0.03
5068,0.03
5069,0.03
5070,0.03
5071,0.04
5072,0.04
5073,0.06
5074,0.05
5075,0.06
5076,0.07
5077,0.08
5078,0.09
5079,0.09
5080,0.07
5081,0.08
5082,0.07
5083,0.06
5084,0.04
5085,0.04
5086,0.03
5087,0.03
5088,0.04
5089,0.04
5090,0.04
5091,0.03
5092,0.04
5093,0.03
5094,0.04
5095,0.05
5096,0.03
5097,0.03
5098,0.03
5099,0.03
5100,0.03
5101,0.04
5102,0.07
5103,0.08
5104,0.09
5105,0.13
5106,0.14
5107,0.14
5108,0.14
5109,0.16
5110,0.17
5111,0.18
5112,0.2
5113,0.22
5114,0.23
5115,0.26
5116,0.28
5117,0.29
5118,0.32
5119,0.3
5120,0.29
5121,0.31
5122,0.36
5123,0.37
5124,0.4
5125,0.43
5126,0.47
5127,0.45
5128,0.43
5129,0.48
5130,0.52
5131,0.56
5132,0.57
5133,0.59
5134,0.6
5135,0.6
5136,0.6
5137,0.55
5138,0.53
5139,0.52
5140,0.5
5141,0.5
5142,0.51
5143,0.5
5144,0.47
5145,0.58
5146,0.59
5147,0.51
5148,0.47
5149,0.48
5150,0.46
5151,0.46
5152,0.44
5153,0.5
5154,0.54
5155,0.61
5156,0.61
5157,0.6
5158,0.65
5159,0.63
5160,0.59
5161,0.56
5162,0.49
5163,0.48
5164,0.45
5165,0.43
5166,0.4
5167,0.33
5168,0.31
5169,0.36
5170,0.35
5171,0.32
5172,0.32
5173,0.33
5174,0.32
5175,0.33
5176,0.33
5177,0.37
5178,0.47
5179,0.44
5180,0.29
5181,0.18
5182,0.17
5183,0.15
5184,0.12
5185,0.11
5186,0.11
5187,0.11
5188,0.1
5189,0.12
5190,0.11
5191,0.1
5192,0.1
5193,0.15
5194,0.18
5195,0.18
5196,0.18
5197,0.2
5198,0.23
5199,0.26
5200,0.31
5201,0.38
5202,0.42
5203,0.45
5204,0.42
5205,0.42
5206,0.39
5207,0.38
5208,0.36
5209,0.36
5210,0.34
5211,0.32
5212,0.33
5213,0.33
5214,0.39
5215,0.41
5216,0.4
5217,0.45
5218,0.53
5219,0.49
5220,0.47
5221,0.51
5222,0.52
5223,0.52
5224,0.47
5225,0.46
5226,0.47
5227,0.47
5228,0.39
5229,0.34
5230,0.33
5231,0.3
5232,0.28
5233,0.24
5234,0.19
5235,0.17
5236,0.16
5237,0.19
5238,0.21
5239,0.21
5240,0.15
5241,0.15
5242,0.16
5243,0.12
5244,0.1
5245,0.09
5246,0.1
5247,0.11
5248,0.12
5249,0.12
5250,0.14
5251,0.14
5252,0.12
5253,0.11
5254,0.11
5255,0.09
5256,0.07
5257,0.06
5258,0.05
5259,0.05
5260,0.05
5261,0.07
5262,0.09
5263,0.1
5264,0.08
5265,0.08
5266,0.09
5267,0.1
5268,0.09
5269,0.08
5270,0.07
5271,0.07
5272,0.06
5273,0.06
5274,0.08
5275,0.08
5276,0.11
5277,0.16
5278,0.22
5279,0.27
5280,0.3
5281,0.29
5282,0.31
5283,0.31
5284,0.34
5285,0.37
5286,0.38
5287,0.39
5288,0.31
5289,0.28
5290,0.29
5291,0.29
5292,0.27
5293,0.23
5294,0.19
5295,0.16
5296,0.15
5297,0.16
5298,0.16
5299,0.17
5300,0.17
5301,0.21
5302,0.17
5303,0.17
5304,0.22
5305,0.25
5306,0.26
5307,0.25
5308,0.22
5309,0.21
5310,0.2
5311,0.19
5312,0.14
5313,0.13
5314,0.1
5315,0.11
5316,0.08
5317,0.07
5318,0.07
5319,0.07
5320,0.09
5321,0.11
5322,0.14
5323,0.15
5324,0.17
5325,0.23
5326,0.28
5327,0.33
5328,0.33
5329,0.31
5330,0.29
5331,0.3
5332,0.32
5333,0.32
5334,0.36
5335,0.38
5336,0.28
5337,0.24
5338,0.22
5339,0.23
5340,0.19
5341,0.16
5342,0.13
5343,0.11
5344,0.09
5345,0.1
5346,0.12
5347,0.13
5348,0.19
5349,0.3
5350,0.44
5351,0.53
5352,0.65
5353,0.64
5354,0.61
5355,0.6
5356,0.57
5357,0.54
5358,0.56
5359,0.52
5360,0.42
5361,0.36
5362,0.32
5363,0.37
5364,0.39
5365,0.32
5366,0.27
5367,0.2
5368,0.17
5369,0.18
5370,0.21
5371,0.24
5372,0.26
5373,0.31
5374,0.33
5375,0.34
5376,0.36
5377,0.35
5378,0.31
5379,0.31
5380,0.33
5381,0.31
5382,0.29
5383,0.26
5384,0.17
5385,0.14
5386,0.14
5387,0.11
5388,0.1
5389,0.09
5390,0.1
5391,0.12
5392,0.14
5393,0.19
5394,0.23
5395,0.25
5396,0.26
5397,0.29
5398,0.28
5399,0.3
5400,0.34
5401,0.33
5402,0.34
5403,0.33
5404,0.33
5405,0.35
5406,0.38
5407,0.34
5408,0.26
5409,0.24
5410,0.22
5411,0.21
5412,0.2
5413,0.22
5414,0.22
5415,0.28
5416,0.33
5417,0.4
5418,0.42
5419,0.49
5420,0.48
5421,0.5
5422,0.47
5423,0.5
5424,0.5
5425,0.52
5426,0.52
5427,0.51
5428,0.48
5429,0.4
5430,0.36
5431,0.34
5432,0.27
5433,0.26
5434,0.29
5435,0.28
5436,0.28
5437,0.32
5438,0.36
5439,0.43
5440,0.48
5441,0.55
5442,0.59
5443,0.59
5444,0.56
5445,0.56
5446,0.56
5447,0.56
5448,0.58
5449,0.58
5450,0.57
5451,0.58
5452,0.57
5453,0.55
5454,0.49
5455,0.45
5456,0.38
5457,0.38
5458,0.42
5459,0.42
5460,0.4
5461,0.44
5462,0.45
5463,0.46
5464,0.44
5465,0.48
5466,0.52
5467,0.53
5468,0.51
5469,0.51
5470,0.52
5471,0.55
5472,0.58
5473,0.58
5474,0.59
5475,0.62
5476,0.61
5477,0.59
5478,0.57
5479,0.53
5480,0.47
5481,0.49
5482,0.51
5483,0.47
5484,0.46
5485,0.44
5486,0.43
5487,0.41
5488,0.38
5489,0.41
5490,0.5
5491,0.53
5492,0.53
5493,0.53
5494,0.55
5495,0.55
5496,0.58
5497,0.6
5498,0.61
5499,0.61
5500,0.57
5501,0.56
5502,0.55
5503,0.52
5504,0.52
5505,0.62
5506,0.66
5507,0.62
5508,0.58
5509,0.53
5510,0.49
5511,0.44
5512,0.37
5513,0.39
5514,0.39
5515,0.43
5516,0.46
5517,0.51
5518,0.55
5519,0.6
5520,0.62
5521,0.62
5522,0.64
5523,0.64
5524,0.64
5525,0.63
5526,0.64
5527,0.61
5528,0.54
5529,0.55
5530,0.57
5531,0.54
5532,0.45
5533,0.36
5534,0.29
5535,0.22
5536,0.21
5537,0.24
5538,0.26
5539,0.34
5540,0.41
5541,0.52
5542,0.55
5543,0.58
5544,0.61
5545,0.58
5546,0.55
5547,0.53
5548,0.51
5549,0.49
5550,0.44
5551,0.37
5552,0.21
5553,0.15
5554,0.13
5555,0.11
5556,0.1
5557,0.09
5558,0.12
5559,0.14
5560,0.17
5561,0.21
5562,0.23
5563,0.25
5564,0.24
5565,0.25
5566,0.23
5567,0.21
5568,0.2
5569,0.18
5570,0.19
5571,0.19
5572,0.19
5573,0.19
5574,0.18
5575,0.16
5576,0.11
5577,0.09
5578,0.07
5579,0.07
5580,0.05
5581,0.05
5582,0.05
5583,0.05
5584,0.05
5585,0.06
5586,0.07
5587,0.08
5588,0.09
5589,0.13
5590,0.13
5591,0.13
5592,0.12
5593,0.11
5594,0.1
5595,0.09
5596,0.09
5597,0.08
5598,0.09
5599,0.1
5600,0.08
5601,0.08
5602,0.05
5603,0.04
5604,0.03
5605,0.03
5606,0.04
5607,0.05
5608,0.06
5609,0.09
5610,0.11
5611,0.14
5612,0.18
5613,0.24
5614,0.25
5615,0.25
5616,0.27
5617,0.29
5618,0.31
5619,0.31
5620,0.33
5621,0.35
5622,0.35
5623,0.36
5624,0.28
5625,0.28
5626,0.31
5627,0.31
5628,0.28
5629,0.26
5630,0.26
5631,0.25
5632,0.26
5633,0.29
5634,0.34
5635,0.39
5636,0.42
5637,0.46
5638,0.5
5639,0.54
5640,0.55
5641,0.55
5642,0.56
5643,0.58
5644,0.58
5645,0.6
5646,0.59
5647,0.56
5648,0.41
5649,0.39
5650,0.41
5651,0.4
5652,0.37
5653,0.31
5654,0.3
5655,0.28
5656,0.29
5657,0.36
5658,0.41
5659,0.45
5660,0.45
5661,0.47
5662,0.5
5663,0.51
5664,0.54
5665,0.53
5666,0.57
5667,0.61
5668,0.63
5669,0.59
5670,0.57
5671,0.53
5672,0.41
5673,0.37
5674,0.41
5675,0.37
5676,0.29
5677,0.25
5678,0.23
5679,0.23
5680,0.23
5681,0.26
5682,0.28
5683,0.29
5684,0.3
5685,0.34
5686,0.37
5687,0.39
5688,0.39
5689,0.38
5690,0.39
5691,0.41
5692,0.42
5693,0.4
5694,0.37
5695,0.36
5696,0.22
5697,0.18
5698,0.16
5699,0.17
5700,0.14
5701,0.1
5702,0.08
5703,0.08
5704,0.09
5705,0.1
5706,0.12
5707,0.13
5708,0.15
5709,0.19
5710,0.2
5711,0.22
5712,0.22
5713,0.19
5714,0.17
5715,0.16
5716,0.15
5717,0.14
5718,0.14
5719,0.13
5720,0.1
5721,0.1
5722,0.05
5723,0.05
5724,0.03
5725,0.01
5726,0.01
5727,0.03
5728,0.04
5729,0.05
5730,0.07
5731,0.08
5732,0.09
5733,0.12
5734,0.14
5735,0.15
5736,0.15
5737,0.14
5738,0.12
5739,0.11
5740,0.1
5741,0.1
5742,0.09
5743,0.09
5744,0.06
5745,0.05
5746,0.03
5747,0.03
5748,0.02
5749,0.02
5750,0.03
5751,0.04
5752,0.05
5753,0.05
5754,0.06
5755,0.08
5756,0.11
5757,0.18
5758,0.21
5759,0.21
5760,0.21
5761,0.2
5762,0.2
5763,0.19
5764,0.18
5765,0.13
5766,0.11
5767,0.09
5768,0.05
5769,0.04
5770,0.03
5771,0.02
5772,0.01
5773,0.01
5774,0.03
5775,0.08
5776,0.11
5777,0.14
5778,0.16
5779,0.16
5780,0.16
5781,0.17
5782,0.18
5783,0.16
5784,0.14
5785,0.14
5786,0.15
5787,0.14
5788,0.13
5789,0.12
5790,0.11
5791,0.09
5792,0.05
5793,0.04
5794,0.02
5795,0.01
5796,0.01
5797,0.01
5798,0.01
5799,0.04
5800,0.07
5801,0.1
5802,0.13
5803,0.16
5804,0.19
5805,0.25
5806,0.25
5807,0.26
5808,0.22
5809,0.21
5810,0.17
5811,0.14
5812,0.12
5813,0.11
5814,0.1
5815,0.08
5816,0.05
5817,0.04
5818,0.01
5819,0.03
5820,0.02
5821,0.02
5822,0.04
5823,0.07
5824,0.08
5825,0.13
5826,0.19
5827,0.23
5828,0.23
5829,0.26
5830,0.28
5831,0.29
5832,0.29
5833,0.26
5834,0.24
5835,0.21
5836,0.17
5837,0.12
5838,0.09
5839,0.08
5840,0.05
5841,0.04
5842,0.02
5843,0.04
5844,0.04
5845,0.07
5846,0.13
5847,0.19
5848,0.26
5849,0.33
5850,0.35
5851,0.37
5852,0.33
5853,0.33
5854,0.32
5855,0.23
5856,0.15
5857,0.12
5858,0.09
5859,0.06
5860,0.05
5861,0.06
5862,0.06
5863,0.07
5864,0.04
5865,0.02
5866,0.04
5867,0.07
5868,0.08
5869,0.11
5870,0.16
5871,0.2
5872,0.23
5873,0.25
5874,0.29
5875,0.31
5876,0.3
5877,0.3
5878,0.29
5879,0.25
5880,0.22
5881,0.18
5882,0.14
5883,0.1
5884,0.05
5885,0.03
5886,0.01
5887,0.01
5888,0.01
5889,0.01
5890,0.02
5891,0.05
5892,0.07
5893,0.11
5894,0.14
5895,0.17
5896,0.16
5897,0.17
5898,0.19
5899,0.21
5900,0.22
5901,0.25
5902,0.26
5903,0.22
5904,0.17
5905,0.14
5906,0.12
5907,0.09
5908,0.06
5909,0.04
5910,0.03
5911,0.03
5912,0.02
5913,0.02
5914,0.06
5915,0.08
5916,0.12
5917,0.16
5918,0.2
5919,0.23
5920,0.22
5921,0.23
5922,0.24
5923,0.22
5924,0.2
5925,0.19
5926,0.17
5927,0.14
5928,0.11
5929,0.08
5930,0.06
5931,0.05
5932,0.04
5933,0.03
5934,0.02
5935,0.03
5936,0.02
5937,0.02
5938,0.03
5939,0.06
5940,0.08
5941,0.11
5942,0.11
5943,0.13
5944,0.11
5945,0.1
5946,0.1
5947,0.11
5948,0.13
5949,0.18
5950,0.19
5951,0.19
5952,0.18
5953,0.16
5954,0.15
5955,0.13
5956,0.12
5957,0.11
5958,0.1
5959,0.1
5960,0.08
5961,0.07
5962,0.05
5963,0.09
5964,0.12
5965,0.15
5966,0.15
5967,0.16
5968,0.15
5969,0.15
5970,0.16
5971,0.19
5972,0.22
5973,0.29
5974,0.33
5975,0.35
5976,0.35
5977,0.37
5978,0.39
5979,0.35
5980,0.32
5981,0.28
5982,0.24
5983,0.22
5984,0.18
5985,0.15
5986,0.15
5987,0.17
5988,0.16
5989,0.15
5990,0.14
5991,0.16
5992,0.15
5993,0.16
5994,0.18
5995,0.2
5996,0.22
5997,0.29
5998,0.35
5999,0.4
6000,0.43
6001,0.43
6002,0.42
6003,0.37
6004,0.31
6005,0.26
6006,0.22
6007,0.18
6008,0.13
6009,0.1
6010,0.11
6011,0.09
6012,0.06
6013,0.05
6014,0.06
6015,0.08
6016,0.09
6017,0.1
6018,0.13
6019,0.13
6020,0.13
6021,0.16
6022,0.17
6023,0.17
6024,0.21
6025,0.22
6026,0.25
6027,0.25
6028,0.23
6029,0.21
6030,0.2
6031,0.16
6032,0.13
6033,0.13
6034,0.17
6035,0.18
6036,0.16
6037,0.15
6038,0.16
6039,0.2
6040,0.19
6041,0.22
6042,0.19
6043,0.15
6044,0.15
6045,0.17
6046,0.17
6047,0.18
6048,0.16
6049,0.16
6050,0.12
6051,0.1
6052,0.05
6053,0.03
6054,0.06
6055,0.08
6056,0.04
6057,0.04
6058,0.04
6059,0.04
6060,0.07
6061,0.11
6062,0.15
6063,0.16
6064,0.15
6065,0.13
6066,0.16
6067,0.12
6068,0.09
6069,0.09
6070,0.08
6071,0.06
6072,0.05
6073,0.05
6074,0.04
6075,0.02
6076,0.02
6077,0.01
6078,0.01
6079,0.02
6080,0.02
6081,0.02
6082,0.03
6083,0.03
6084,0.06
6085,0.08
6086,0.11
6087,0.11
6088,0.12
6089,0.15
6090,0.16
6091,0.13
6092,0.11
6093,0.1
6094,0.1
6095,0.07
6096,0.04
6097,0.02
6098,0.02
6099,0.01
6100,0.01
6101,0.01
6102,0.01
6103,0.02
6104,0.02
6105,0.03
6106,0.05
6107,0.08
6108,0.13
6109,0.2
6110,0.24
6111,0.27
6112,0.27
6113,0.27
6114,0.27
6115,0.24
6116,0.2
6117,0.17
6118,0.13
6119,0.09
6120,0.06
6121,0.05
6122,0.04
6123,0.03
6124,0.03
6125,0.03
6126,0.03
6127,0.02
6128,0.01
6129,0.01
6130,0.01
6131,0.01
6132,0.02
6133,0.03
6134,0.04
6135,0.06
6136,0.05
6137,0.05
6138,0.05
6139,0.04
6140,0.04
6141,0.04
6142,0.05
6143,0.05
6144,0.06
6145,0.07
6146,0.07
6147,0.07
6148,0.06
6149,0.05
6150,0.03
6151,0.02
6152,0.01
6153,0
6154,0
6155,0
6156,0.01
6157,0.04
6158,0.06
6159,0.1
6160,0.1
6161,0.12
6162,0.11
6163,0.07
6164,0.03
6165,0.02
6166,0.02
6167,0.02
6168,0.04
6169,0.05
6170,0.05
6171,0.05
6172,0.05
6173,0.05
6174,0.04
6175,0.03
6176,0.01
6177,0
6178,0
6179,0
6180,0.01
6181,0.01
6182,0.02
6183,0.02
6184,0.03
6185,0.04
6186,0.04
6187,0.05
6188,0.04
6189,0.05
6190,0.05
6191,0.06
6192,0.07
6193,0.07
6194,0.07
6195,0.06
6196,0.06
6197,0.05
6198,0.04
6199,0.03
6200,0.02
6201,0.02
6202,0.02
6203,0.04
6204,0.07
6205,0.09
6206,0.13
6207,0.21
6208,0.27
6209,0.32
6210,0.35
6211,0.34
6212,0.33
6213,0.35
6214,0.34
6215,0.35
6216,0.35
6217,0.36
6218,0.41
6219,0.44
6220,0.49
6221,0.5
6222,0.5
6223,0.48
6224,0.46
6225,0.45
6226,0.57
6227,0.57
6228,0.59
6229,0.62
6230,0.63
6231,0.62
6232,0.57
6233,0.55
6234,0.52
6235,0.49
6236,0.51
6237,0.54
6238,0.55
6239,0.54
6240,0.5
6241,0.49
6242,0.47
6243,0.44
6244,0.42
6245,0.42
6246,0.4
6247,0.4
6248,0.37
6249,0.33
6250,0.41
6251,0.41
6252,0.39
6253,0.37
6254,0.36
6255,0.33
6256,0.29
6257,0.29
6258,0.3
6259,0.31
6260,0.31
6261,0.31
6262,0.34
6263,0.36
6264,0.39
6265,0.43
6266,0.45
6267,0.46
6268,0.46
6269,0.41
6270,0.36
6271,0.34
6272,0.3
6273,0.27
6274,0.34
6275,0.34
6276,0.38
6277,0.44
6278,0.44
6279,0.46
6280,0.4
6281,0.41
6282,0.4
6283,0.36
6284,0.37
6285,0.38
6286,0.38
6287,0.36
6288,0.37
6289,0.39
6290,0.39
6291,0.39
6292,0.35
6293,0.34
6294,0.31
6295,0.32
6296,0.29
6297,0.28
6298,0.41
6299,0.44
6300,0.52
6301,0.59
6302,0.62
6303,0.63
6304,0.58
6305,0.55
6306,0.53
6307,0.46
6308,0.42
6309,0.41
6310,0.37
6311,0.37
6312,0.4
6313,0.39
6314,0.44
6315,0.45
6316,0.42
6317,0.39
6318,0.35
6319,0.31
6320,0.27
6321,0.25
6322,0.29
6323,0.28
6324,0.27
6325,0.29
6326,0.27
6327,0.27
6328,0.24
6329,0.26
6330,0.28
6331,0.24
6332,0.21
6333,0.22
6334,0.19
6335,0.18
6336,0.15
6337,0.15
6338,0.14
6339,0.14
6340,0.14
6341,0.15
6342,0.18
6343,0.19
6344,0.21
6345,0.25
6346,0.33
6347,0.27
6348,0.29
6349,0.34
6350,0.4
6351,0.44
6352,0.42
6353,0.42
6354,0.41
6355,0.4
6356,0.42
6357,0.46
6358,0.45
6359,0.43
6360,0.43
6361,0.44
6362,0.51
6363,0.55
6364,0.6
6365,0.66
6366,0.66
6367,0.67
6368,0.62
6369,0.56
6370,0.65
6371,0.68
6372,0.61
6373,0.55
6374,0.5
6375,0.46
6376,0.42
6377,0.38
6378,0.31
6379,0.28
6380,0.23
6381,0.21
6382,0.19
6383,0.18
6384,0.18
6385,0.17
6386,0.16
6387,0.19
6388,0.2
6389,0.21
6390,0.2
6391,0.22
6392,0.17
6393,0.14
6394,0.16
6395,0.14
6396,0.11
6397,0.1
6398,0.08
6399,0.08
6400,0.08
6401,0.09
6402,0.08
6403,0.09
6404,0.1
6405,0.12
6406,0.18
6407,0.21
6408,0.22
6409,0.26
6410,0.25
6411,0.28
6412,0.29
6413,0.32
6414,0.3
6415,0.3
6416,0.25
6417,0.21
6418,0.14
6419,0.13
6420,0.12
6421,0.09
6422,0.06
6423,0.04
6424,0.03
6425,0.02
6426,0.02
6427,0.04
6428,0.06
6429,0.1
6430,0.14
6431,0.18
6432,0.22
6433,0.24
6434,0.24
6435,0.22
6436,0.21
6437,0.19
6438,0.15
6439,0.11
6440,0.08
6441,0.05
6442,0.02
6443,0.01
6444,0.01
6445,0
6446,0
6447,0.01
6448,0.01
6449,0.02
6450,0.02
6451,0.04
6452,0.05
6453,0.07
6454,0.1
6455,0.13
6456,0.14
6457,0.17
6458,0.18
6459,0.17
6460,0.19
6461,0.19
6462,0.18
6463,0.17
6464,0.15
6465,0.13
6466,0.06
6467,0.05
6468,0.05
6469,0.04
6470,0.03
6471,0.03
6472,0.04
6473,0.04
6474,0.05
6475,0.1
6476,0.12
6477,0.18
6478,0.22
6479,0.24
6480,0.23
6481,0.25
6482,0.27
6483,0.26
6484,0.26
6485,0.24
6486,0.21
6487,0.16
6488,0.13
6489,0.1
6490,0.04
6491,0.05
6492,0.06
6493,0.07
6494,0.08
6495,0.09
6496,0.1
6497,0.11
6498,0.16
6499,0.21
6500,0.2
6501,0.21
6502,0.21
6503,0.21
6504,0.18
6505,0.18
6506,0.19
6507,0.17
6508,0.17
6509,0.17
6510,0.15
6511,0.16
6512,0.14
6513,0.12
6514,0.06
6515,0.06
6516,0.09
6517,0.09
6518,0.09
6519,0.09
6520,0.08
6521,0.08
6522,0.08
6523,0.08
6524,0.08
6525,0.1
6526,0.09
6527,0.09
6528,0.08
6529,0.08
6530,0.06
6531,0.05
6532,0.04
6533,0.04
6534,0.04
6535,0.05
6536,0.05
6537,0.05
6538,0.03
6539,0.05
6540,0.03
6541,0.02
6542,0.02
6543,0.02
6544,0.03
6545,0.03
6546,0.04
6547,0.11
6548,0.13
6549,0.17
6550,0.19
6551,0.22
6552,0.21
6553,0.19
6554,0.17
6555,0.17
6556,0.15
6557,0.14
6558,0.13
6559,0.12
6560,0.11
6561,0.08
6562,0.07
6563,0.11
6564,0.11
6565,0.11
6566,0.12
6567,0.13
6568,0.13
6569,0.14
6570,0.15
6571,0.19
6572,0.22
6573,0.27
6574,0.31
6575,0.35
6576,0.39
6577,0.43
6578,0.43
6579,0.43
6580,0.44
6581,0.43
6582,0.42
6583,0.41
6584,0.38
6585,0.32
6586,0.4
6587,0.61
6588,0.69
6589,0.73
6590,0.74
6591,0.79
6592,0.82
6593,0.78
6594,0.77
6595,0.75
6596,0.78
6597,0.79
6598,0.77
6599,0.78
6600,0.77
6601,0.76
6602,0.79
6603,0.79
6604,0.76
6605,0.75
6606,0.75
6607,0.73
6608,0.67
6609,0.58
6610,0.71
6611,0.74
6612,0.7
6613,0.66
6614,0.63
6615,0.59
6616,0.56
6617,0.48
6618,0.41
6619,0.37
6620,0.33
6621,0.3
6622,0.26
6623,0.27
6624,0.25
6625,0.23
6626,0.24
6627,0.23
6628,0.23
6629,0.19
6630,0.15
6631,0.13
6632,0.1
6633,0.08
6634,0.07
6635,0.06
6636,0.07
6637,0.07
6638,0.1
6639,0.14
6640,0.17
6641,0.16
6642,0.17
6643,0.21
6644,0.21
6645,0.21
6646,0.22
6647,0.21
6648,0.23
6649,0.26
6650,0.29
6651,0.32
6652,0.32
6653,0.32
6654,0.31
6655,0.3
6656,0.26
6657,0.21
6658,0.11
6659,0.14
6660,0.14
6661,0.11
6662,0.1
6663,0.11
6664,0.09
6665,0.09
6666,0.11
6667,0.11
6668,0.16
6669,0.24
6670,0.32
6671,0.36
6672,0.42
6673,0.47
6674,0.53
6675,0.54
6676,0.54
6677,0.56
6678,0.54
6679,0.54
6680,0.5
6681,0.41
6682,0.53
6683,0.59
6684,0.61
6685,0.62
6686,0.61
6687,0.59
6688,0.55
6689,0.49
6690,0.44
6691,0.49
6692,0.55
6693,0.61
6694,0.63
6695,0.65
6696,0.64
6697,0.62
6698,0.64
6699,0.64
6700,0.63
6701,0.61
6702,0.58
6703,0.54
6704,0.48
6705,0.38
6706,0.42
6707,0.44
6708,0.44
6709,0.45
6710,0.43
6711,0.44
6712,0.42
6713,0.43
6714,0.43
6715,0.43
6716,0.4
6717,0.36
6718,0.3
6719,0.27
6720,0.27
6721,0.25
6722,0.23
6723,0.22
6724,0.25
6725,0.25
6726,0.24
6727,0.24
6728,0.22
6729,0.19
6730,0.24
6731,0.26
6732,0.24
6733,0.27
6734,0.31
6735,0.29
6736,0.28
6737,0.29
6738,0.28
6739,0.3
6740,0.32
6741,0.35
6742,0.41
6743,0.4
6744,0.44
6745,0.5
6746,0.57
6747,0.65
6748,0.7
6749,0.72
6750,0.7
6751,0.69
6752,0.69
6753,0.68
6754,0.68
6755,0.72
6756,0.72
6757,0.75
6758,0.8
6759,0.82
6760,0.82
6761,0.8
6762,0.73
6763,0.63
6764,0.56
6765,0.54
6766,0.47
6767,0.4
6768,0.36
6769,0.34
6770,0.32
6771,0.3
6772,0.31
6773,0.31
6774,0.32
6775,0.32
6776,0.29
6777,0.23
6778,0.25
6779,0.26
6780,0.26
6781,0.25
6782,0.24
6783,0.24
6784,0.22
6785,0.19
6786,0.18
6787,0.23
6788,0.3
6789,0.38
6790,0.43
6791,0.5
6792,0.52
6793,0.54
6794,0.56
6795,0.57
6796,0.57
6797,0.56
6798,0.56
6799,0.55
6800,0.5
6801,0.44
6802,0.29
6803,0.34
6804,0.32
6805,0.3
6806,0.3
6807,0.31
6808,0.31
6809,0.29
6810,0.31
6811,0.4
6812,0.45
6813,0.51
6814,0.53
6815,0.54
6816,0.54
6817,0.53
6818,0.49
6819,0.47
6820,0.43
6821,0.36
6822,0.29
6823,0.17
6824,0.14
6825,0.11
6826,0.07
6827,0.1
6828,0.11
6829,0.13
6830,0.15
6831,0.16
6832,0.16
6833,0.13
6834,0.11
6835,0.07
6836,0.06
6837,0.06
6838,0.07
6839,0.09
6840,0.1
6841,0.11
6842,0.15
6843,0.22
6844,0.29
6845,0.31
6846,0.33
6847,0.35
6848,0.38
6849,0.39
6850,0.26
6851,0.34
6852,0.39
6853,0.41
6854,0.41
6855,0.4
6856,0.43
6857,0.43
6858,0.45
6859,0.57
6860,0.69
6861,0.76
6862,0.81
6863,0.83
6864,0.83
6865,0.84
6866,0.82
6867,0.81
6868,0.8
6869,0.8
6870,0.8
6871,0.78
6872,0.76
6873,0.68
6874,0.55
6875,0.57
6876,0.56
6877,0.5
6878,0.44
6879,0.39
6880,0.36
6881,0.34
6882,0.33
6883,0.39
6884,0.45
6885,0.56
6886,0.56
6887,0.55
6888,0.49
6889,0.46
6890,0.41
6891,0.35
6892,0.3
6893,0.25
6894,0.21
6895,0.17
6896,0.12
6897,0.08
6898,0.1
6899,0.1
6900,0.1
6901,0.11
6902,0.14
6903,0.15
6904,0.18
6905,0.17
6906,0.18
6907,0.23
6908,0.32
6909,0.43
6910,0.48
6911,0.57
6912,0.65
6913,0.67
6914,0.67
6915,0.68
6916,0.67
6917,0.66
6918,0.62
6919,0.57
6920,0.55
6921,0.45
6922,0.53
6923,0.57
6924,0.6
6925,0.59
6926,0.63
6927,0.65
6928,0.63
6929,0.62
6930,0.63
6931,0.64
6932,0.71
6933,0.76
6934,0.76
6935,0.76
6936,0.77
6937,0.77
6938,0.77
6939,0.75
6940,0.76
6941,0.73
6942,0.7
6943,0.64
6944,0.6
6945,0.5
6946,0.57
6947,0.58
6948,0.52
6949,0.47
6950,0.43
6951,0.41
6952,0.41
6953,0.44
6954,0.42
6955,0.55
6956,0.6
6957,0.63
6958,0.66
6959,0.63
6960,0.62
6961,0.58
6962,0.55
6963,0.56
6964,0.53
6965,0.48
6966,0.44
6967,0.41
6968,0.38
6969,0.33
6970,0.26
6971,0.35
6972,0.35
6973,0.33
6974,0.32
6975,0.3
6976,0.28
6977,0.26
6978,0.25
6979,0.24
6980,0.26
6981,0.29
6982,0.36
6983,0.42
6984,0.5
6985,0.57
6986,0.62
6987,0.63
6988,0.64
6989,0.63
6990,0.62
6991,0.6
6992,0.58
6993,0.49
6994,0.37
6995,0.43
6996,0.47
6997,0.48
6998,0.5
6999,0.53
7000,0.54
7001,0.54
7002,0.58
7003,0.65
7004,0.7
7005,0.75
7006,0.75
7007,0.74
7008,0.76
7009,0.77
7010,0.78
7011,0.78
7012,0.78
7013,0.74
7014,0.73
7015,0.71
7016,0.69
7017,0.64
7018,0.68
7019,0.71
7020,0.72
7021,0.7
7022,0.71
7023,0.68
7024,0.69
7025,0.63
7026,0.56
7027,0.54
7028,0.53
7029,0.5
7030,0.48
7031,0.48
7032,0.47
7033,0.57
7034,0.57
7035,0.64
7036,0.63
7037,0.66
7038,0.67
7039,0.68
7040,0.67
7041,0.63
7042,0.67
7043,0.65
7044,0.66
7045,0.66
7046,0.64
7047,0.6
7048,0.58
7049,0.54
7050,0.51
7051,0.5
7052,0.48
7053,0.45
7054,0.41
7055,0.37
7056,0.34
7057,0.32
7058,0.31
7059,0.3
7060,0.29
7061,0.27
7062,0.28
7063,0.27
7064,0.26
7065,0.24
7066,0.23
7067,0.24
7068,0.23
7069,0.21
7070,0.2
7071,0.18
7072,0.16
7073,0.13
7074,0.12
7075,0.16
7076,0.25
7077,0.35
7078,0.42
7079,0.44
7080,0.48
7081,0.51
7082,0.53
7083,0.53
7084,0.54
7085,0.53
7086,0.53
7087,0.49
7088,0.45
7089,0.38
7090,0.18
7091,0.13
7092,0.12
7093,0.09
7094,0.06
7095,0.05
7096,0.04
7097,0.03
7098,0.05
7099,0.11
7100,0.13
7101,0.17
7102,0.2
7103,0.23
7104,0.2
7105,0.17
7106,0.15
7107,0.15
7108,0.14
7109,0.11
7110,0.09
7111,0.08
7112,0.08
7113,0.07
7114,0.04
7115,0.04
7116,0.06
7117,0.08
7118,0.12
7119,0.13
7120,0.14
7121,0.14
7122,0.15
7123,0.15
7124,0.16
7125,0.18
7126,0.19
7127,0.19
7128,0.22
7129,0.25
7130,0.27
7131,0.28
7132,0.31
7133,0.3
7134,0.28
7135,0.25
7136,0.23
7137,0.2
7138,0.1
7139,0.13
7140,0.15
7141,0.14
7142,0.13
7143,0.12
7144,0.1
7145,0.09
7146,0.09
7147,0.12
7148,0.2
7149,0.31
7150,0.43
7151,0.5
7152,0.55
7153,0.58
7154,0.6
7155,0.61
7156,0.62
7157,0.61
7158,0.61
7159,0.62
7160,0.6
7161,0.55
7162,0.38
7163,0.4
7164,0.39
7165,0.35
7166,0.31
7167,0.29
7168,0.3
7169,0.3
7170,0.35
7171,0.53
7172,0.65
7173,0.72
7174,0.73
7175,0.72
7176,0.72
7177,0.71
7178,0.68
7179,0.68
7180,0.66
7181,0.63
7182,0.59
7183,0.5
7184,0.44
7185,0.32
7186,0.13
7187,0.12
7188,0.11
7189,0.08
7190,0.06
7191,0.05
7192,0.06
7193,0.07
7194,0.11
7195,0.12
7196,0.18
7197,0.26
7198,0.27
7199,0.28
7200,0.26
7201,0.26
7202,0.24
7203,0.21
7204,0.18
7205,0.14
7206,0.11
7207,0.08
7208,0.07
7209,0.05
7210,0.02
7211,0.02
7212,0.02
7213,0.02
7214,0.03
7215,0.04
7216,0.03
7217,0.03
7218,0.03
7219,0.04
7220,0.07
7221,0.11
7222,0.16
7223,0.19
7224,0.23
7225,0.3
7226,0.32
7227,0.35
7228,0.34
7229,0.34
7230,0.32
7231,0.31
7232,0.3
7233,0.26
7234,0.18
7235,0.23
7236,0.29
7237,0.3
7238,0.3
7239,0.3
7240,0.28
7241,0.24
7242,0.25
7243,0.34
7244,0.46
7245,0.58
7246,0.65
7247,0.68
7248,0.68
7249,0.67
7250,0.66
7251,0.65
7252,0.64
7253,0.62
7254,0.61
7255,0.58
7256,0.57
7257,0.51
7258,0.34
7259,0.41
7260,0.47
7261,0.42
7262,0.39
7263,0.34
7264,0.33
7265,0.3
7266,0.31
7267,0.42
7268,0.56
7269,0.67
7270,0.67
7271,0.68
7272,0.7
7273,0.69
7274,0.69
7275,0.69
7276,0.68
7277,0.65
7278,0.64
7279,0.62
7280,0.6
7281,0.53
7282,0.43
7283,0.45
7284,0.44
7285,0.46
7286,0.45
7287,0.45
7288,0.43
7289,0.42
7290,0.44
7291,0.57
7292,0.68
7293,0.74
7294,0.75
7295,0.75
7296,0.75
7297,0.74
7298,0.73
7299,0.73
7300,0.72
7301,0.7
7302,0.69
7303,0.67
7304,0.65
7305,0.59
7306,0.56
7307,0.64
7308,0.64
7309,0.62
7310,0.62
7311,0.64
7312,0.68
7313,0.67
7314,0.64
7315,0.69
7316,0.74
7317,0.74
7318,0.75
7319,0.76
7320,0.76
7321,0.76
7322,0.75
7323,0.75
7324,0.73
7325,0.7
7326,0.68
7327,0.66
7328,0.63
7329,0.57
7330,0.56
7331,0.68
7332,0.7
7333,0.7
7334,0.71
7335,0.74
7336,0.76
7337,0.75
7338,0.71
7339,0.72
7340,0.75
7341,0.76
7342,0.76
7343,0.76
7344,0.76
7345,0.75
7346,0.77
7347,0.78
7348,0.79
7349,0.79
7350,0.78
7351,0.77
7352,0.77
7353,0.74
7354,0.76
7355,0.76
7356,0.78
7357,0.73
7358,0.73
7359,0.73
7360,0.75
7361,0.72
7362,0.7
7363,0.64
7364,0.66
7365,0.65
7366,0.62
7367,0.64
7368,0.65
7369,0.69
7370,0.71
7371,0.64
7372,0.66
7373,0.65
7374,0.59
7375,0.57
7376,0.58
7377,0.55
7378,0.55
7379,0.61
7380,0.63
7381,0.65
7382,0.66
7383,0.67
7384,0.65
7385,0.56
7386,0.46
7387,0.44
7388,0.41
7389,0.38
7390,0.32
7391,0.29
7392,0.26
7393,0.25
7394,0.26
7395,0.27
7396,0.27
7397,0.28
7398,0.3
7399,0.35
7400,0.35
7401,0.31
7402,0.21
7403,0.14
7404,0.14
7405,0.14
7406,0.15
7407,0.17
7408,0.21
7409,0.25
7410,0.31
7411,0.49
7412,0.61
7413,0.66
7414,0.71
7415,0.73
7416,0.74
7417,0.74
7418,0.73
7419,0.73
7420,0.73
7421,0.72
7422,0.71
7423,0.71
7424,0.68
7425,0.64
7426,0.48
7427,0.55
7428,0.61
7429,0.61
7430,0.58
7431,0.53
7432,0.48
7433,0.42
7434,0.35
7435,0.35
7436,0.45
7437,0.51
7438,0.54
7439,0.48
7440,0.48
7441,0.53
7442,0.58
7443,0.55
7444,0.53
7445,0.56
7446,0.61
7447,0.6
7448,0.61
7449,0.59
7450,0.63
7451,0.68
7452,0.66
7453,0.68
7454,0.68
7455,0.64
7456,0.69
7457,0.62
7458,0.57
7459,0.53
7460,0.52
7461,0.5
7462,0.48
7463,0.42
7464,0.39
7465,0.38
7466,0.4
7467,0.41
7468,0.43
7469,0.41
7470,0.42
7471,0.45
7472,0.44
7473,0.41
7474,0.4
7475,0.39
7476,0.36
7477,0.32
7478,0.31
7479,0.29
7480,0.28
7481,0.26
7482,0.25
7483,0.27
7484,0.31
7485,0.37
7486,0.38
7487,0.38
7488,0.37
7489,0.35
7490,0.42
7491,0.47
7492,0.53
7493,0.53
7494,0.6
7495,0.63
7496,0.61
7497,0.56
7498,0.53
7499,0.55
7500,0.56
7501,0.55
7502,0.56
7503,0.57
7504,0.57
7505,0.52
7506,0.45
7507,0.34
7508,0.3
7509,0.25
7510,0.2
7511,0.16
7512,0.15
7513,0.18
7514,0.19
7515,0.2
7516,0.23
7517,0.28
7518,0.31
7519,0.35
7520,0.38
7521,0.38
7522,0.38
7523,0.21
7524,0.21
7525,0.22
7526,0.19
7527,0.13
7528,0.09
7529,0.05
7530,0.04
7531,0.05
7532,0.09
7533,0.14
7534,0.19
7535,0.25
7536,0.28
7537,0.33
7538,0.34
7539,0.33
7540,0.31
7541,0.28
7542,0.24
7543,0.2
7544,0.17
7545,0.14
7546,0.15
7547,0.06
7548,0.06
7549,0.05
7550,0.04
7551,0.03
7552,0.02
7553,0.02
7554,0.04
7555,0.09
7556,0.13
7557,0.19
7558,0.24
7559,0.28
7560,0.3
7561,0.31
7562,0.33
7563,0.32
7564,0.31
7565,0.28
7566,0.24
7567,0.21
7568,0.19
7569,0.15
7570,0.16
7571,0.06
7572,0.06
7573,0.04
7574,0.03
7575,0.02
7576,0.02
7577,0.02
7578,0.02
7579,0.04
7580,0.07
7581,0.11
7582,0.15
7583,0.18
7584,0.22
7585,0.28
7586,0.33
7587,0.33
7588,0.32
7589,0.31
7590,0.27
7591,0.26
7592,0.24
7593,0.2
7594,0.2
7595,0.11
7596,0.11
7597,0.1
7598,0.08
7599,0.08
7600,0.07
7601,0.07
7602,0.1
7603,0.18
7604,0.29
7605,0.43
7606,0.52
7607,0.58
7608,0.63
7609,0.63
7610,0.63
7611,0.63
7612,0.62
7613,0.59
7614,0.55
7615,0.54
7616,0.5
7617,0.4
7618,0.35
7619,0.38
7620,0.42
7621,0.45
7622,0.46
7623,0.49
7624,0.49
7625,0.42
7626,0.35
7627,0.45
7628,0.57
7629,0.62
7630,0.63
7631,0.65
7632,0.66
7633,0.67
7634,0.68
7635,0.66
7636,0.63
7637,0.64
7638,0.65
7639,0.63
7640,0.6
7641,0.55
7642,0.53
7643,0.58
7644,0.6
7645,0.58
7646,0.58
7647,0.58
7648,0.59
7649,0.56
7650,0.53
7651,0.54
7652,0.62
7653,0.64
7654,0.66
7655,0.66
7656,0.65
7657,0.64
7658,0.63
7659,0.59
7660,0.55
7661,0.51
7662,0.42
7663,0.33
7664,0.23
7665,0.13
7666,0.11
7667,0.12
7668,0.13
7669,0.14
7670,0.17
7671,0.21
7672,0.26
7673,0.26
7674,0.21
7675,0.23
7676,0.25
7677,0.29
7678,0.3
7679,0.24
7680,0.24
7681,0.22
7682,0.17
7683,0.12
7684,0.09
7685,0.08
7686,0.09
7687,0.09
7688,0.08
7689,0.07
7690,0.07
7691,0.08
7692,0.08
7693,0.1
7694,0.1
7695,0.09
7696,0.1
7697,0.1
7698,0.12
7699,0.19
7700,0.29
7701,0.42
7702,0.52
7703,0.57
7704,0.62
7705,0.62
7706,0.61
7707,0.59
7708,0.59
7709,0.58
7710,0.56
7711,0.58
7712,0.57
7713,0.51
7714,0.49
7715,0.53
7716,0.52
7717,0.49
7718,0.45
7719,0.4
7720,0.35
7721,0.29
7722,0.25
7723,0.28
7724,0.35
7725,0.4
7726,0.41
7727,0.42
7728,0.42
7729,0.45
7730,0.47
7731,0.46
7732,0.44
7733,0.41
7734,0.41
7735,0.39
7736,0.35
7737,0.29
7738,0.27
7739,0.36
7740,0.35
7741,0.35
7742,0.35
7743,0.36
7744,0.37
7745,0.35
7746,0.36
7747,0.44
7748,0.56
7749,0.62
7750,0.63
7751,0.68
7752,0.72
7753,0.73
7754,0.76
7755,0.74
7756,0.73
7757,0.73
7758,0.7
7759,0.72
7760,0.71
7761,0.68
7762,0.68
7763,0.75
7764,0.78
7765,0.79
7766,0.76
7767,0.73
7768,0.71
7769,0.66
7770,0.61
7771,0.61
7772,0.65
7773,0.67
7774,0.67
7775,0.64
7776,0.66
7777,0.66
7778,0.65
7779,0.68
7780,0.68
7781,0.67
7782,0.62
7783,0.59
7784,0.58
7785,0.53
7786,0.48
7787,0.55
7788,0.53
7789,0.45
7790,0.37
7791,0.29
7792,0.25
7793,0.19
7794,0.16
7795,0.15
7796,0.19
7797,0.21
7798,0.22
7799,0.24
7800,0.27
7801,0.28
7802,0.29
7803,0.3
7804,0.28
7805,0.27
7806,0.25
7807,0.27
7808,0.26
7809,0.21
7810,0.16
7811,0.15
7812,0.12
7813,0.11
7814,0.12
7815,0.12
7816,0.12
7817,0.09
7818,0.07
7819,0.07
7820,0.08
7821,0.1
7822,0.13
7823,0.13
7824,0.12
7825,0.12
7826,0.12
7827,0.11
7828,0.11
7829,0.1
7830,0.1
7831,0.12
7832,0.09
7833,0.07
7834,0.07
7835,0.06
7836,0.04
7837,0.04
7838,0.05
7839,0.06
7840,0.07
7841,0.06
7842,0.05
7843,0.06
7844,0.09
7845,0.13
7846,0.17
7847,0.23
7848,0.31
7849,0.39
7850,0.46
7851,0.52
7852,0.57
7853,0.59
7854,0.57
7855,0.58
7856,0.58
7857,0.55
7858,0.55
7859,0.45
7860,0.45
7861,0.49
7862,0.52
7863,0.53
7864,0.52
7865,0.49
7866,0.48
7867,0.56
7868,0.62
7869,0.67
7870,0.69
7871,0.69
7872,0.68
7873,0.65
7874,0.66
7875,0.64
7876,0.64
7877,0.63
7878,0.63
7879,0.62
7880,0.62
7881,0.59
7882,0.57
7883,0.56
7884,0.54
7885,0.57
7886,0.58
7887,0.58
7888,0.6
7889,0.56
7890,0.56
7891,0.62
7892,0.73
7893,0.75
7894,0.77
7895,0.77
7896,0.78
7897,0.77
7898,0.76
7899,0.76
7900,0.76
7901,0.76
7902,0.76
7903,0.74
7904,0.73
7905,0.66
7906,0.69
7907,0.73
7908,0.73
7909,0.73
7910,0.75
7911,0.76
7912,0.77
7913,0.78
7914,0.73
7915,0.76
7916,0.8
7917,0.81
7918,0.79
7919,0.78
7920,0.79
7921,0.79
7922,0.78
7923,0.73
7924,0.7
7925,0.73
7926,0.7
7927,0.72
7928,0.73
7929,0.7
7930,0.7
7931,0.74
7932,0.74
7933,0.75
7934,0.74
7935,0.73
7936,0.72
7937,0.66
7938,0.61
7939,0.57
7940,0.55
7941,0.55
7942,0.53
7943,0.5
7944,0.44
7945,0.35
7946,0.33
7947,0.29
7948,0.27
7949,0.24
7950,0.22
7951,0.23
7952,0.22
7953,0.19
7954,0.17
7955,0.19
7956,0.21
7957,0.23
7958,0.24
7959,0.23
7960,0.24
7961,0.23
7962,0.23
7963,0.25
7964,0.29
7965,0.33
7966,0.37
7967,0.39
7968,0.41
7969,0.41
7970,0.39
7971,0.37
7972,0.36
7973,0.33
7974,0.29
7975,0.26
7976,0.25
7977,0.23
7978,0.22
7979,0.21
7980,0.22
7981,0.23
7982,0.24
7983,0.23
7984,0.23
7985,0.2
7986,0.19
7987,0.2
7988,0.24
7989,0.29
7990,0.36
7991,0.42
7992,0.5
7993,0.57
7994,0.6
7995,0.61
7996,0.65
7997,0.66
7998,0.68
7999,0.69
8000,0.69
8001,0.69
8002,0.61
8003,0.64
8004,0.63
8005,0.6
8006,0.6
8007,0.59
8008,0.61
8009,0.61
8010,0.62
8011,0.66
8012,0.69
8013,0.71
8014,0.71
8015,0.74
8016,0.74
8017,0.75
8018,0.75
8019,0.75
8020,0.75
8021,0.74
8022,0.67
8023,0.63
8024,0.66
8025,0.64
8026,0.53
8027,0.46
8028,0.4
8029,0.37
8030,0.31
8031,0.27
8032,0.23
8033,0.19
8034,0.16
8035,0.18
8036,0.2
8037,0.22
8038,0.23
8039,0.25
8040,0.25
8041,0.25
8042,0.18
8043,0.16
8044,0.15
8045,0.14
8046,0.15
8047,0.15
8048,0.21
8049,0.21
8050,0.22
8051,0.26
8052,0.29
8053,0.34
8054,0.37
8055,0.44
8056,0.48
8057,0.51
8058,0.48
8059,0.54
8060,0.62
8061,0.61
8062,0.63
8063,0.69
8064,0.68
8065,0.67
8066,0.68
8067,0.66
8068,0.67
8069,0.7
8070,0.76
8071,0.77
8072,0.8
8073,0.82
8074,0.74
8075,0.78
8076,0.81
8077,0.81
8078,0.8
8079,0.77
8080,0.75
8081,0.7
8082,0.59
8083,0.55
8084,0.5
8085,0.44
8086,0.41
8087,0.38
8088,0.33
8089,0.27
8090,0.23
8091,0.2
8092,0.21
8093,0.21
8094,0.22
8095,0.23
8096,0.23
8097,0.24
8098,0.17
8099,0.15
8100,0.21
8101,0.2
8102,0.25
8103,0.24
8104,0.23
8105,0.22
8106,0.19
8107,0.14
8108,0.16
8109,0.2
8110,0.39
8111,0.41
8112,0.46
8113,0.51
8114,0.54
8115,0.56
8116,0.52
8117,0.57
8118,0.57
8119,0.6
8120,0.61
8121,0.61
8122,0.52
8123,0.48
8124,0.56
8125,0.56
8126,0.53
8127,0.54
8128,0.57
8129,0.57
8130,0.58
8131,0.66
8132,0.68
8133,0.69
8134,0.69
8135,0.7
8136,0.7
8137,0.7
8138,0.72
8139,0.7
8140,0.67
8141,0.62
8142,0.54
8143,0.47
8144,0.5
8145,0.5
8146,0.49
8147,0.53
8148,0.55
8149,0.56
8150,0.58
8151,0.51
8152,0.56
8153,0.57
8154,0.61
8155,0.68
8156,0.74
8157,0.75
8158,0.77
8159,0.76
8160,0.72
8161,0.68
8162,0.65
8163,0.57
8164,0.49
8165,0.46
8166,0.47
8167,0.47
8168,0.45
8169,0.42
8170,0.35
8171,0.31
8172,0.33
8173,0.35
8174,0.37
8175,0.39
8176,0.39
8177,0.35
8178,0.23
8179,0.17
8180,0.15
8181,0.14
8182,0.15
8183,0.16
8184,0.17
8185,0.19
8186,0.21
8187,0.23
8188,0.26
8189,0.26
8190,0.24
8191,0.22
8192,0.19
8193,0.2
8194,0.19
8195,0.11
8196,0.08
8197,0.08
8198,0.06
8199,0.08
8200,0.08
8201,0.07
8202,0.1
8203,0.14
8204,0.21
8205,0.31
8206,0.46
8207,0.57
8208,0.61
8209,0.61
8210,0.62
8211,0.61
8212,0.61
8213,0.59
8214,0.57
8215,0.55
8216,0.54
8217,0.52
8218,0.52
8219,0.31
8220,0.27
8221,0.28
8222,0.28
8223,0.27
8224,0.26
8225,0.25
8226,0.3
8227,0.42
8228,0.52
8229,0.59
8230,0.64
8231,0.64
8232,0.65
8233,0.65
8234,0.64
8235,0.62
8236,0.62
8237,0.6
8238,0.58
8239,0.55
8240,0.52
8241,0.46
8242,0.39
8243,0.24
8244,0.26
8245,0.27
8246,0.26
8247,0.22
8248,0.23
8249,0.24
8250,0.28
8251,0.42
8252,0.56
8253,0.62
8254,0.65
8255,0.72
8256,0.73
8257,0.78
8258,0.79
8259,0.82
8260,0.81
8261,0.79
8262,0.77
8263,0.74
8264,0.73
8265,0.71
8266,0.66
8267,0.64
8268,0.68
8269,0.73
8270,0.71
8271,0.75
8272,0.79
8273,0.76
8274,0.72
8275,0.74
8276,0.8
8277,0.83
8278,0.85
8279,0.86
8280,0.86
8281,0.85
8282,0.85
8283,0.83
8284,0.82
8285,0.8
8286,0.76
8287,0.76
8288,0.74
8289,0.72
8290,0.64
8291,0.6
8292,0.65
8293,0.69
8294,0.72
8295,0.67
8296,0.58
8297,0.45
8298,0.36
8299,0.36
8300,0.42
8301,0.48
8302,0.55
8303,0.59
8304,0.59
8305,0.6
8306,0.49
8307,0.42
8308,0.34
8309,0.28
8310,0.25
8311,0.22
8312,0.19
8313,0.19
8314,0.15
8315,0.15
8316,0.14
8317,0.13
8318,0.14
8319,0.14
8320,0.18
8321,0.17
8322,0.17
8323,0.18
8324,0.18
8325,0.18
8326,0.19
8327,0.21
8328,0.24
8329,0.25
8330,0.24
8331,0.22
8332,0.2
8333,0.2
8334,0.2
8335,0.19
8336,0.21
8337,0.24
8338,0.26
8339,0.4
8340,0.49
8341,0.51
8342,0.49
8343,0.46
8344,0.46
8345,0.48
8346,0.48
8347,0.56
8348,0.6
8349,0.63
8350,0.64
8351,0.66
8352,0.65
8353,0.64
8354,0.57
8355,0.51
8356,0.43
8357,0.43
8358,0.37
8359,0.32
8360,0.24
8361,0.21
8362,0.16
8363,0.2
8364,0.21
8365,0.25
8366,0.28
8367,0.3
8368,0.4
8369,0.45
8370,0.42
8371,0.39
8372,0.42
8373,0.41
8374,0.43
8375,0.44
8376,0.45
8377,0.42
8378,0.33
8379,0.28
8380,0.28
8381,0.31
8382,0.32
8383,0.33
8384,0.31
8385,0.28
8386,0.24
8387,0.26
8388,0.26
8389,0.25
8390,0.25
8391,0.27
8392,0.29
8393,0.31
8394,0.32
8395,0.34
8396,0.41
8397,0.46
8398,0.51
8399,0.57
8400,0.68
8401,0.7
8402,0.71
8403,0.72
8404,0.7
8405,0.69
8406,0.73
8407,0.71
8408,0.7
8409,0.63
8410,0.61
8411,0.64
8412,0.71
8413,0.73
8414,0.73
8415,0.76
8416,0.74
8417,0.66
8418,0.65
8419,0.64
8420,0.74
8421,0.75
8422,0.75
8423,0.76
8424,0.76
8425,0.77
8426,0.8
8427,0.77
8428,0.65
8429,0.65
8430,0.63
8431,0.61
8432,0.59
8433,0.57
8434,0.46
8435,0.49
8436,0.56
8437,0.55
8438,0.52
8439,0.51
8440,0.5
8441,0.47
8442,0.41
8443,0.47
8444,0.54
8445,0.57
8446,0.58
8447,0.6
8448,0.61
8449,0.47
8450,0.53
8451,0.53
8452,0.63
8453,0.6
8454,0.63
8455,0.59
8456,0.61
8457,0.61
8458,0.62
8459,0.54
8460,0.55
8461,0.52
8462,0.54
8463,0.57
8464,0.61
8465,0.61
8466,0.66
8467,0.7
8468,0.72
8469,0.73
8470,0.74
8471,0.77
8472,0.77
8473,0.77
8474,0.75
8475,0.75
8476,0.71
8477,0.71
8478,0.68
8479,0.66
8480,0.6
8481,0.55
8482,0.52
8483,0.35
8484,0.37
8485,0.43
8486,0.36
8487,0.24
8488,0.23
8489,0.22
8490,0.24
8491,0.29
8492,0.38
8493,0.5
8494,0.61
8495,0.63
8496,0.66
8497,0.66
8498,0.67
8499,0.69
8500,0.68
8501,0.66
8502,0.59
8503,0.58
8504,0.49
8505,0.39
8506,0.31
8507,0.28
8508,0.23
8509,0.2
8510,0.21
8511,0.19
8512,0.18
8513,0.16
8514,0.15
8515,0.18
8516,0.21
8517,0.24
8518,0.29
8519,0.35
8520,0.37
8521,0.41
8522,0.44
8523,0.41
8524,0.34
8525,0.31
8526,0.3
8527,0.3
8528,0.29
8529,0.27
8530,0.24
8531,0.26
8532,0.27
8533,0.25
8534,0.24
8535,0.25
8536,0.23
8537,0.23
8538,0.2
8539,0.22
8540,0.25
8541,0.27
8542,0.27
8543,0.23
8544,0.26
8545,0.27
8546,0.26
8547,0.24
8548,0.24
8549,0.25
8550,0.28
8551,0.3
8552,0.33
8553,0.38
8554,0.42
8555,0.45
8556,0.56
8557,0.6
8558,0.63
8559,0.61
8560,0.6
8561,0.53
8562,0.46
8563,0.44
8564,0.45
8565,0.44
8566,0.43
8567,0.39
8568,0.33
8569,0.27
8570,0.23
8571,0.21
8572,0.22
8573,0.21
8574,0.21
8575,0.21
8576,0.23
8577,0.27
8578,0.29
8579,0.3
8580,0.33
8581,0.38
8582,0.33
8583,0.36
8584,0.37
8585,0.35
8586,0.4
8587,0.48
8588,0.52
8589,0.55
8590,0.56
8591,0.58
8592,0.62
8593,0.63
8594,0.63
8595,0.61
8596,0.6
8597,0.61
8598,0.64
8599,0.62
8600,0.61
8601,0.58
8602,0.48
8603,0.41
8604,0.4
8605,0.35
8606,0.31
8607,0.26
8608,0.21
8609,0.18
8610,0.17
8611,0.17
8612,0.18
8613,0.22
8614,0.25
8615,0.25
8616,0.24
8617,0.23
8618,0.22
8619,0.19
8620,0.16
8621,0.14
8622,0.11
8623,0.1
8624,0.09
8625,0.08
8626,0.09
8627,0.1
8628,0.12
8629,0.13
8630,0.11
8631,0.12
8632,0.13
8633,0.12
8634,0.11
8635,0.14
8636,0.14
8637,0.14
8638,0.13
8639,0.15
8640,0.15
8641,0.13
8642,0.11
8643,0.1
8644,0.07
8645,0.06
8646,0.06
8647,0.05
8648,0.07
8649,0.12
8650,0.1
8651,0.08
8652,0.06
8653,0.04
8654,0.04
8655,0.04
8656,0.07
8657,0.1
8658,0.12
8659,0.1
8660,0.14
8661,0.17
8662,0.24
8663,0.31
8664,0.32
8665,0.36
8666,0.41
8667,0.42
8668,0.42
8669,0.5
8670,0.52
8671,0.55
8672,0.58
8673,0.61
8674,0.63
8675,0.69
8676,0.73
8677,0.71
8678,0.73
8679,0.75
8680,0.81
8681,0.81
8682,0.81
8683,0.83
8684,0.84
8685,0.84
8686,0.83
8687,0.84
8688,0.84
8689,0.84
8690,0.83
8691,0.81
8692,0.77
8693,0.74
8694,0.76
8695,0.76
8696,0.68
8697,0.66
8698,0.71
8699,0.76
8700,0.76
8701,0.75
8702,0.75
8703,0.74
8704,0.71
8705,0.67
8706,0.58
8707,0.56
8708,0.6
8709,0.6
8710,0.54
8711,0.58
8712,0.61
8713,0.58
8714,0.56
8715,0.5
8716,0.47
8717,0.45
8718,0.41
8719,0.39
8720,0.42
8721,0.45
8722,0.49
8723,0.56
8724,0.56
8725,0.5
8726,0.39
8727,0.28
8728,0.22
8729,0.25
8730,0.26
8731,0.28
8732,0.27
8733,0.28
8734,0.31
8735,0.34
8736,0.36
8737,0.39
8738,0.41
8739,0.41
8740,0.38
8741,0.36
8742,0.32
8743,0.28
8744,0.25
8745,0.21
8746,0.18
8747,0.18
8748,0.15
8749,0.16
8750,0.16
8751,0.15
8752,0.16
8753,0.21
8754,0.21
8755,0.28
8756,0.35
8757,0.39
8758,0.33
8759,0.33
8760,0.31
